DEBUG MODE INSTRUCTION LIST
0: addi x2, x0, 1024
Memory 0x0 changed from 0x0 to 0x40000113
4: addi x10, x0, 10
Memory 0x4 changed from 0x0 to 0xa00513
8: jal x1, offset 12
Memory 0x8 changed from 0x0 to 0xc000ef
12: ebreak
Memory 0x12 changed from 0x0 to 0x100073
16: jal x0, offset 0
Memory 0x16 changed from 0x0 to 0x6f
20: beq x10, x0, offset 68
Memory 0x20 changed from 0x0 to 0x4050263
24: addi x5, x0, 1
Memory 0x24 changed from 0x0 to 0x100293
28: beq x10, x5, offset 68
Memory 0x28 changed from 0x0 to 0x4550263
32: addi x2, x2, -12
Memory 0x32 changed from 0x0 to 0xff410113
36: sw x1, 8(x2)
Memory 0x36 changed from 0x0 to 0x112423
40: sw x10, 4(x2)
Memory 0x40 changed from 0x0 to 0xa12223
44: addi x10, x10, -1
Memory 0x44 changed from 0x0 to 0xfff50513
48: jal x1, offset -28
Memory 0x48 changed from 0x0 to 0xfe5ff0ef
52: sw x10, 0(x2)
Memory 0x52 changed from 0x0 to 0xa12023
56: lw x10, 4(x2)
Memory 0x56 changed from 0x0 to 0x412503
60: addi x10, x10, -2
Memory 0x60 changed from 0x0 to 0xffe50513
64: jal x1, offset -44
Memory 0x64 changed from 0x0 to 0xfd5ff0ef
68: lw x11, 0(x2)
Memory 0x68 changed from 0x0 to 0x12583
72: add x10, x10, x11
Memory 0x72 changed from 0x0 to 0xb50533
76: lw x1, 8(x2)
Memory 0x76 changed from 0x0 to 0x812083
80: addi x2, x2, 12
Memory 0x80 changed from 0x0 to 0xc10113
84: jalr x0, x1, offset 0
Memory 0x84 changed from 0x0 to 0x8067
88: addi x10, x0, 0
Memory 0x88 changed from 0x0 to 0x513
92: jalr x0, x1, offset 0
Memory 0x92 changed from 0x0 to 0x8067
96: addi x10, x0, 1
Memory 0x96 changed from 0x0 to 0x100513
100: jalr x0, x1, offset 0
Memory 0x100 changed from 0x0 to 0x8067
__DEBUG_MODE__
CLK : 0
instruction : 0b01000000000000000000000100010011
Executing: addi x2, x0, 1024
Register x2 changed from 0x0 to 0x400
PC changed from 0x0 to 0x4
CLK : 1
instruction : 0b00000000101000000000010100010011
Executing: addi x10, x0, 10
Register x10 changed from 0x0 to 0xa
PC changed from 0x4 to 0x8
CLK : 2
instruction : 0b00000000110000000000000011101111
Executing: jal x1, offset 12
Register x1 changed from 0x0 to 0xc
PC changed from 0x8 to 0x14
CLK : 3
instruction : 0b00000100000001010000001001100011
Executing: beq x10, x0, offset 68
PC changed from 0x14 to 0x18
CLK : 4
instruction : 0b00000000000100000000001010010011
Executing: addi x5, x0, 1
Register x5 changed from 0x0 to 0x1
PC changed from 0x18 to 0x1c
CLK : 5
instruction : 0b00000100010101010000001001100011
Executing: beq x10, x5, offset 68
PC changed from 0x1c to 0x20
CLK : 6
instruction : 0b11111111010000010000000100010011
Executing: addi x2, x2, -12
Register x2 changed from 0x400 to 0x3f4
PC changed from 0x20 to 0x24
CLK : 7
instruction : 0b00000000000100010010010000100011
Executing: sw x1, 8(x2)
Memory 0x1020 changed from 0x0 to 0xc
PC changed from 0x24 to 0x28
CLK : 8
instruction : 0b00000000101000010010001000100011
Executing: sw x10, 4(x2)
Memory 0x1016 changed from 0x0 to 0xa
PC changed from 0x28 to 0x2c
CLK : 9
instruction : 0b11111111111101010000010100010011
Executing: addi x10, x10, -1
Register x10 changed from 0xa to 0x9
PC changed from 0x2c to 0x30
CLK : 10
instruction : 0b11111110010111111111000011101111
Executing: jal x1, offset -28
Register x1 changed from 0xc to 0x34
PC changed from 0x30 to 0x14
CLK : 11
instruction : 0b00000100000001010000001001100011
Executing: beq x10, x0, offset 68
PC changed from 0x14 to 0x18
CLK : 12
instruction : 0b00000000000100000000001010010011
Executing: addi x5, x0, 1
Register x5 changed from 0x1 to 0x1
PC changed from 0x18 to 0x1c
CLK : 13
instruction : 0b00000100010101010000001001100011
Executing: beq x10, x5, offset 68
PC changed from 0x1c to 0x20
CLK : 14
instruction : 0b11111111010000010000000100010011
Executing: addi x2, x2, -12
Register x2 changed from 0x3f4 to 0x3e8
PC changed from 0x20 to 0x24
CLK : 15
instruction : 0b00000000000100010010010000100011
Executing: sw x1, 8(x2)
Memory 0x1008 changed from 0x0 to 0x34
PC changed from 0x24 to 0x28
CLK : 16
instruction : 0b00000000101000010010001000100011
Executing: sw x10, 4(x2)
Memory 0x1004 changed from 0x0 to 0x9
PC changed from 0x28 to 0x2c
CLK : 17
instruction : 0b11111111111101010000010100010011
Executing: addi x10, x10, -1
Register x10 changed from 0x9 to 0x8
PC changed from 0x2c to 0x30
CLK : 18
instruction : 0b11111110010111111111000011101111
Executing: jal x1, offset -28
Register x1 changed from 0x34 to 0x34
PC changed from 0x30 to 0x14
CLK : 19
instruction : 0b00000100000001010000001001100011
Executing: beq x10, x0, offset 68
PC changed from 0x14 to 0x18
CLK : 20
instruction : 0b00000000000100000000001010010011
Executing: addi x5, x0, 1
Register x5 changed from 0x1 to 0x1
PC changed from 0x18 to 0x1c
CLK : 21
instruction : 0b00000100010101010000001001100011
Executing: beq x10, x5, offset 68
PC changed from 0x1c to 0x20
CLK : 22
instruction : 0b11111111010000010000000100010011
Executing: addi x2, x2, -12
Register x2 changed from 0x3e8 to 0x3dc
PC changed from 0x20 to 0x24
CLK : 23
instruction : 0b00000000000100010010010000100011
Executing: sw x1, 8(x2)
Memory 0x996 changed from 0x0 to 0x34
PC changed from 0x24 to 0x28
CLK : 24
instruction : 0b00000000101000010010001000100011
Executing: sw x10, 4(x2)
Memory 0x992 changed from 0x0 to 0x8
PC changed from 0x28 to 0x2c
CLK : 25
instruction : 0b11111111111101010000010100010011
Executing: addi x10, x10, -1
Register x10 changed from 0x8 to 0x7
PC changed from 0x2c to 0x30
CLK : 26
instruction : 0b11111110010111111111000011101111
Executing: jal x1, offset -28
Register x1 changed from 0x34 to 0x34
PC changed from 0x30 to 0x14
CLK : 27
instruction : 0b00000100000001010000001001100011
Executing: beq x10, x0, offset 68
PC changed from 0x14 to 0x18
CLK : 28
instruction : 0b00000000000100000000001010010011
Executing: addi x5, x0, 1
Register x5 changed from 0x1 to 0x1
PC changed from 0x18 to 0x1c
CLK : 29
instruction : 0b00000100010101010000001001100011
Executing: beq x10, x5, offset 68
PC changed from 0x1c to 0x20
CLK : 30
instruction : 0b11111111010000010000000100010011
Executing: addi x2, x2, -12
Register x2 changed from 0x3dc to 0x3d0
PC changed from 0x20 to 0x24
CLK : 31
instruction : 0b00000000000100010010010000100011
Executing: sw x1, 8(x2)
Memory 0x984 changed from 0x0 to 0x34
PC changed from 0x24 to 0x28
CLK : 32
instruction : 0b00000000101000010010001000100011
Executing: sw x10, 4(x2)
Memory 0x980 changed from 0x0 to 0x7
PC changed from 0x28 to 0x2c
CLK : 33
instruction : 0b11111111111101010000010100010011
Executing: addi x10, x10, -1
Register x10 changed from 0x7 to 0x6
PC changed from 0x2c to 0x30
CLK : 34
instruction : 0b11111110010111111111000011101111
Executing: jal x1, offset -28
Register x1 changed from 0x34 to 0x34
PC changed from 0x30 to 0x14
CLK : 35
instruction : 0b00000100000001010000001001100011
Executing: beq x10, x0, offset 68
PC changed from 0x14 to 0x18
CLK : 36
instruction : 0b00000000000100000000001010010011
Executing: addi x5, x0, 1
Register x5 changed from 0x1 to 0x1
PC changed from 0x18 to 0x1c
CLK : 37
instruction : 0b00000100010101010000001001100011
Executing: beq x10, x5, offset 68
PC changed from 0x1c to 0x20
CLK : 38
instruction : 0b11111111010000010000000100010011
Executing: addi x2, x2, -12
Register x2 changed from 0x3d0 to 0x3c4
PC changed from 0x20 to 0x24
CLK : 39
instruction : 0b00000000000100010010010000100011
Executing: sw x1, 8(x2)
Memory 0x972 changed from 0x0 to 0x34
PC changed from 0x24 to 0x28
CLK : 40
instruction : 0b00000000101000010010001000100011
Executing: sw x10, 4(x2)
Memory 0x968 changed from 0x0 to 0x6
PC changed from 0x28 to 0x2c
CLK : 41
instruction : 0b11111111111101010000010100010011
Executing: addi x10, x10, -1
Register x10 changed from 0x6 to 0x5
PC changed from 0x2c to 0x30
CLK : 42
instruction : 0b11111110010111111111000011101111
Executing: jal x1, offset -28
Register x1 changed from 0x34 to 0x34
PC changed from 0x30 to 0x14
CLK : 43
instruction : 0b00000100000001010000001001100011
Executing: beq x10, x0, offset 68
PC changed from 0x14 to 0x18
CLK : 44
instruction : 0b00000000000100000000001010010011
Executing: addi x5, x0, 1
Register x5 changed from 0x1 to 0x1
PC changed from 0x18 to 0x1c
CLK : 45
instruction : 0b00000100010101010000001001100011
Executing: beq x10, x5, offset 68
PC changed from 0x1c to 0x20
CLK : 46
instruction : 0b11111111010000010000000100010011
Executing: addi x2, x2, -12
Register x2 changed from 0x3c4 to 0x3b8
PC changed from 0x20 to 0x24
CLK : 47
instruction : 0b00000000000100010010010000100011
Executing: sw x1, 8(x2)
Memory 0x960 changed from 0x0 to 0x34
PC changed from 0x24 to 0x28
CLK : 48
instruction : 0b00000000101000010010001000100011
Executing: sw x10, 4(x2)
Memory 0x956 changed from 0x0 to 0x5
PC changed from 0x28 to 0x2c
CLK : 49
instruction : 0b11111111111101010000010100010011
Executing: addi x10, x10, -1
Register x10 changed from 0x5 to 0x4
PC changed from 0x2c to 0x30
CLK : 50
instruction : 0b11111110010111111111000011101111
Executing: jal x1, offset -28
Register x1 changed from 0x34 to 0x34
PC changed from 0x30 to 0x14
CLK : 51
instruction : 0b00000100000001010000001001100011
Executing: beq x10, x0, offset 68
PC changed from 0x14 to 0x18
CLK : 52
instruction : 0b00000000000100000000001010010011
Executing: addi x5, x0, 1
Register x5 changed from 0x1 to 0x1
PC changed from 0x18 to 0x1c
CLK : 53
instruction : 0b00000100010101010000001001100011
Executing: beq x10, x5, offset 68
PC changed from 0x1c to 0x20
CLK : 54
instruction : 0b11111111010000010000000100010011
Executing: addi x2, x2, -12
Register x2 changed from 0x3b8 to 0x3ac
PC changed from 0x20 to 0x24
CLK : 55
instruction : 0b00000000000100010010010000100011
Executing: sw x1, 8(x2)
Memory 0x948 changed from 0x0 to 0x34
PC changed from 0x24 to 0x28
CLK : 56
instruction : 0b00000000101000010010001000100011
Executing: sw x10, 4(x2)
Memory 0x944 changed from 0x0 to 0x4
PC changed from 0x28 to 0x2c
CLK : 57
instruction : 0b11111111111101010000010100010011
Executing: addi x10, x10, -1
Register x10 changed from 0x4 to 0x3
PC changed from 0x2c to 0x30
CLK : 58
instruction : 0b11111110010111111111000011101111
Executing: jal x1, offset -28
Register x1 changed from 0x34 to 0x34
PC changed from 0x30 to 0x14
CLK : 59
instruction : 0b00000100000001010000001001100011
Executing: beq x10, x0, offset 68
PC changed from 0x14 to 0x18
CLK : 60
instruction : 0b00000000000100000000001010010011
Executing: addi x5, x0, 1
Register x5 changed from 0x1 to 0x1
PC changed from 0x18 to 0x1c
CLK : 61
instruction : 0b00000100010101010000001001100011
Executing: beq x10, x5, offset 68
PC changed from 0x1c to 0x20
CLK : 62
instruction : 0b11111111010000010000000100010011
Executing: addi x2, x2, -12
Register x2 changed from 0x3ac to 0x3a0
PC changed from 0x20 to 0x24
CLK : 63
instruction : 0b00000000000100010010010000100011
Executing: sw x1, 8(x2)
Memory 0x936 changed from 0x0 to 0x34
PC changed from 0x24 to 0x28
CLK : 64
instruction : 0b00000000101000010010001000100011
Executing: sw x10, 4(x2)
Memory 0x932 changed from 0x0 to 0x3
PC changed from 0x28 to 0x2c
CLK : 65
instruction : 0b11111111111101010000010100010011
Executing: addi x10, x10, -1
Register x10 changed from 0x3 to 0x2
PC changed from 0x2c to 0x30
CLK : 66
instruction : 0b11111110010111111111000011101111
Executing: jal x1, offset -28
Register x1 changed from 0x34 to 0x34
PC changed from 0x30 to 0x14
CLK : 67
instruction : 0b00000100000001010000001001100011
Executing: beq x10, x0, offset 68
PC changed from 0x14 to 0x18
CLK : 68
instruction : 0b00000000000100000000001010010011
Executing: addi x5, x0, 1
Register x5 changed from 0x1 to 0x1
PC changed from 0x18 to 0x1c
CLK : 69
instruction : 0b00000100010101010000001001100011
Executing: beq x10, x5, offset 68
PC changed from 0x1c to 0x20
CLK : 70
instruction : 0b11111111010000010000000100010011
Executing: addi x2, x2, -12
Register x2 changed from 0x3a0 to 0x394
PC changed from 0x20 to 0x24
CLK : 71
instruction : 0b00000000000100010010010000100011
Executing: sw x1, 8(x2)
Memory 0x924 changed from 0x0 to 0x34
PC changed from 0x24 to 0x28
CLK : 72
instruction : 0b00000000101000010010001000100011
Executing: sw x10, 4(x2)
Memory 0x920 changed from 0x0 to 0x2
PC changed from 0x28 to 0x2c
CLK : 73
instruction : 0b11111111111101010000010100010011
Executing: addi x10, x10, -1
Register x10 changed from 0x2 to 0x1
PC changed from 0x2c to 0x30
CLK : 74
instruction : 0b11111110010111111111000011101111
Executing: jal x1, offset -28
Register x1 changed from 0x34 to 0x34
PC changed from 0x30 to 0x14
CLK : 75
instruction : 0b00000100000001010000001001100011
Executing: beq x10, x0, offset 68
PC changed from 0x14 to 0x18
CLK : 76
instruction : 0b00000000000100000000001010010011
Executing: addi x5, x0, 1
Register x5 changed from 0x1 to 0x1
PC changed from 0x18 to 0x1c
CLK : 77
instruction : 0b00000100010101010000001001100011
Executing: beq x10, x5, offset 68
PC changed from 0x1c to 0x60
CLK : 78
instruction : 0b00000000000100000000010100010011
Executing: addi x10, x0, 1
Register x10 changed from 0x1 to 0x1
PC changed from 0x60 to 0x64
CLK : 79
instruction : 0b00000000000000001000000001100111
Executing: jalr x0, x1, offset 0
PC changed from 0x64 to 0x34
CLK : 80
instruction : 0b00000000101000010010000000100011
Executing: sw x10, 0(x2)
Memory 0x916 changed from 0x0 to 0x1
PC changed from 0x34 to 0x38
CLK : 81
instruction : 0b00000000010000010010010100000011
Executing: lw x10, 4(x2)
Register x10 changed from 0x1 to 0x2
PC changed from 0x38 to 0x3c
CLK : 82
instruction : 0b11111111111001010000010100010011
Executing: addi x10, x10, -2
Register x10 changed from 0x2 to 0x0
PC changed from 0x3c to 0x40
CLK : 83
instruction : 0b11111101010111111111000011101111
Executing: jal x1, offset -44
Register x1 changed from 0x34 to 0x44
PC changed from 0x40 to 0x14
CLK : 84
instruction : 0b00000100000001010000001001100011
Executing: beq x10, x0, offset 68
PC changed from 0x14 to 0x58
CLK : 85
instruction : 0b00000000000000000000010100010011
Executing: addi x10, x0, 0
Register x10 changed from 0x0 to 0x0
PC changed from 0x58 to 0x5c
CLK : 86
instruction : 0b00000000000000001000000001100111
Executing: jalr x0, x1, offset 0
PC changed from 0x5c to 0x44
CLK : 87
instruction : 0b00000000000000010010010110000011
Executing: lw x11, 0(x2)
Register x11 changed from 0x0 to 0x1
PC changed from 0x44 to 0x48
CLK : 88
instruction : 0b00000000101101010000010100110011
Executing: add x10, x10, x11
Register x10 changed from 0x0 to 0x1
PC changed from 0x48 to 0x4c
CLK : 89
instruction : 0b00000000100000010010000010000011
Executing: lw x1, 8(x2)
Register x1 changed from 0x44 to 0x34
PC changed from 0x4c to 0x50
CLK : 90
instruction : 0b00000000110000010000000100010011
Executing: addi x2, x2, 12
Register x2 changed from 0x394 to 0x3a0
PC changed from 0x50 to 0x54
CLK : 91
instruction : 0b00000000000000001000000001100111
Executing: jalr x0, x1, offset 0
PC changed from 0x54 to 0x34
CLK : 92
instruction : 0b00000000101000010010000000100011
Executing: sw x10, 0(x2)
Memory 0x928 changed from 0x0 to 0x1
PC changed from 0x34 to 0x38
CLK : 93
instruction : 0b00000000010000010010010100000011
Executing: lw x10, 4(x2)
Register x10 changed from 0x1 to 0x3
PC changed from 0x38 to 0x3c
CLK : 94
instruction : 0b11111111111001010000010100010011
Executing: addi x10, x10, -2
Register x10 changed from 0x3 to 0x1
PC changed from 0x3c to 0x40
CLK : 95
instruction : 0b11111101010111111111000011101111
Executing: jal x1, offset -44
Register x1 changed from 0x34 to 0x44
PC changed from 0x40 to 0x14
CLK : 96
instruction : 0b00000100000001010000001001100011
Executing: beq x10, x0, offset 68
PC changed from 0x14 to 0x18
CLK : 97
instruction : 0b00000000000100000000001010010011
Executing: addi x5, x0, 1
Register x5 changed from 0x1 to 0x1
PC changed from 0x18 to 0x1c
CLK : 98
instruction : 0b00000100010101010000001001100011
Executing: beq x10, x5, offset 68
PC changed from 0x1c to 0x60
CLK : 99
instruction : 0b00000000000100000000010100010011
Executing: addi x10, x0, 1
Register x10 changed from 0x1 to 0x1
PC changed from 0x60 to 0x64
CLK : 100
instruction : 0b00000000000000001000000001100111
Executing: jalr x0, x1, offset 0
PC changed from 0x64 to 0x44
CLK : 101
instruction : 0b00000000000000010010010110000011
Executing: lw x11, 0(x2)
Register x11 changed from 0x1 to 0x1
PC changed from 0x44 to 0x48
CLK : 102
instruction : 0b00000000101101010000010100110011
Executing: add x10, x10, x11
Register x10 changed from 0x1 to 0x2
PC changed from 0x48 to 0x4c
CLK : 103
instruction : 0b00000000100000010010000010000011
Executing: lw x1, 8(x2)
Register x1 changed from 0x44 to 0x34
PC changed from 0x4c to 0x50
CLK : 104
instruction : 0b00000000110000010000000100010011
Executing: addi x2, x2, 12
Register x2 changed from 0x3a0 to 0x3ac
PC changed from 0x50 to 0x54
CLK : 105
instruction : 0b00000000000000001000000001100111
Executing: jalr x0, x1, offset 0
PC changed from 0x54 to 0x34
CLK : 106
instruction : 0b00000000101000010010000000100011
Executing: sw x10, 0(x2)
Memory 0x940 changed from 0x0 to 0x2
PC changed from 0x34 to 0x38
CLK : 107
instruction : 0b00000000010000010010010100000011
Executing: lw x10, 4(x2)
Register x10 changed from 0x2 to 0x4
PC changed from 0x38 to 0x3c
CLK : 108
instruction : 0b11111111111001010000010100010011
Executing: addi x10, x10, -2
Register x10 changed from 0x4 to 0x2
PC changed from 0x3c to 0x40
CLK : 109
instruction : 0b11111101010111111111000011101111
Executing: jal x1, offset -44
Register x1 changed from 0x34 to 0x44
PC changed from 0x40 to 0x14
CLK : 110
instruction : 0b00000100000001010000001001100011
Executing: beq x10, x0, offset 68
PC changed from 0x14 to 0x18
CLK : 111
instruction : 0b00000000000100000000001010010011
Executing: addi x5, x0, 1
Register x5 changed from 0x1 to 0x1
PC changed from 0x18 to 0x1c
CLK : 112
instruction : 0b00000100010101010000001001100011
Executing: beq x10, x5, offset 68
PC changed from 0x1c to 0x20
CLK : 113
instruction : 0b11111111010000010000000100010011
Executing: addi x2, x2, -12
Register x2 changed from 0x3ac to 0x3a0
PC changed from 0x20 to 0x24
CLK : 114
instruction : 0b00000000000100010010010000100011
Executing: sw x1, 8(x2)
Memory 0x936 changed from 0x34 to 0x44
PC changed from 0x24 to 0x28
CLK : 115
instruction : 0b00000000101000010010001000100011
Executing: sw x10, 4(x2)
Memory 0x932 changed from 0x3 to 0x2
PC changed from 0x28 to 0x2c
CLK : 116
instruction : 0b11111111111101010000010100010011
Executing: addi x10, x10, -1
Register x10 changed from 0x2 to 0x1
PC changed from 0x2c to 0x30
CLK : 117
instruction : 0b11111110010111111111000011101111
Executing: jal x1, offset -28
Register x1 changed from 0x44 to 0x34
PC changed from 0x30 to 0x14
CLK : 118
instruction : 0b00000100000001010000001001100011
Executing: beq x10, x0, offset 68
PC changed from 0x14 to 0x18
CLK : 119
instruction : 0b00000000000100000000001010010011
Executing: addi x5, x0, 1
Register x5 changed from 0x1 to 0x1
PC changed from 0x18 to 0x1c
CLK : 120
instruction : 0b00000100010101010000001001100011
Executing: beq x10, x5, offset 68
PC changed from 0x1c to 0x60
CLK : 121
instruction : 0b00000000000100000000010100010011
Executing: addi x10, x0, 1
Register x10 changed from 0x1 to 0x1
PC changed from 0x60 to 0x64
CLK : 122
instruction : 0b00000000000000001000000001100111
Executing: jalr x0, x1, offset 0
PC changed from 0x64 to 0x34
CLK : 123
instruction : 0b00000000101000010010000000100011
Executing: sw x10, 0(x2)
Memory 0x928 changed from 0x1 to 0x1
PC changed from 0x34 to 0x38
CLK : 124
instruction : 0b00000000010000010010010100000011
Executing: lw x10, 4(x2)
Register x10 changed from 0x1 to 0x2
PC changed from 0x38 to 0x3c
CLK : 125
instruction : 0b11111111111001010000010100010011
Executing: addi x10, x10, -2
Register x10 changed from 0x2 to 0x0
PC changed from 0x3c to 0x40
CLK : 126
instruction : 0b11111101010111111111000011101111
Executing: jal x1, offset -44
Register x1 changed from 0x34 to 0x44
PC changed from 0x40 to 0x14
CLK : 127
instruction : 0b00000100000001010000001001100011
Executing: beq x10, x0, offset 68
PC changed from 0x14 to 0x58
CLK : 128
instruction : 0b00000000000000000000010100010011
Executing: addi x10, x0, 0
Register x10 changed from 0x0 to 0x0
PC changed from 0x58 to 0x5c
CLK : 129
instruction : 0b00000000000000001000000001100111
Executing: jalr x0, x1, offset 0
PC changed from 0x5c to 0x44
CLK : 130
instruction : 0b00000000000000010010010110000011
Executing: lw x11, 0(x2)
Register x11 changed from 0x1 to 0x1
PC changed from 0x44 to 0x48
CLK : 131
instruction : 0b00000000101101010000010100110011
Executing: add x10, x10, x11
Register x10 changed from 0x0 to 0x1
PC changed from 0x48 to 0x4c
CLK : 132
instruction : 0b00000000100000010010000010000011
Executing: lw x1, 8(x2)
Register x1 changed from 0x44 to 0x44
PC changed from 0x4c to 0x50
CLK : 133
instruction : 0b00000000110000010000000100010011
Executing: addi x2, x2, 12
Register x2 changed from 0x3a0 to 0x3ac
PC changed from 0x50 to 0x54
CLK : 134
instruction : 0b00000000000000001000000001100111
Executing: jalr x0, x1, offset 0
PC changed from 0x54 to 0x44
CLK : 135
instruction : 0b00000000000000010010010110000011
Executing: lw x11, 0(x2)
Register x11 changed from 0x1 to 0x2
PC changed from 0x44 to 0x48
CLK : 136
instruction : 0b00000000101101010000010100110011
Executing: add x10, x10, x11
Register x10 changed from 0x1 to 0x3
PC changed from 0x48 to 0x4c
CLK : 137
instruction : 0b00000000100000010010000010000011
Executing: lw x1, 8(x2)
Register x1 changed from 0x44 to 0x34
PC changed from 0x4c to 0x50
CLK : 138
instruction : 0b00000000110000010000000100010011
Executing: addi x2, x2, 12
Register x2 changed from 0x3ac to 0x3b8
PC changed from 0x50 to 0x54
CLK : 139
instruction : 0b00000000000000001000000001100111
Executing: jalr x0, x1, offset 0
PC changed from 0x54 to 0x34
CLK : 140
instruction : 0b00000000101000010010000000100011
Executing: sw x10, 0(x2)
Memory 0x952 changed from 0x0 to 0x3
PC changed from 0x34 to 0x38
CLK : 141
instruction : 0b00000000010000010010010100000011
Executing: lw x10, 4(x2)
Register x10 changed from 0x3 to 0x5
PC changed from 0x38 to 0x3c
CLK : 142
instruction : 0b11111111111001010000010100010011
Executing: addi x10, x10, -2
Register x10 changed from 0x5 to 0x3
PC changed from 0x3c to 0x40
CLK : 143
instruction : 0b11111101010111111111000011101111
Executing: jal x1, offset -44
Register x1 changed from 0x34 to 0x44
PC changed from 0x40 to 0x14
CLK : 144
instruction : 0b00000100000001010000001001100011
Executing: beq x10, x0, offset 68
PC changed from 0x14 to 0x18
CLK : 145
instruction : 0b00000000000100000000001010010011
Executing: addi x5, x0, 1
Register x5 changed from 0x1 to 0x1
PC changed from 0x18 to 0x1c
CLK : 146
instruction : 0b00000100010101010000001001100011
Executing: beq x10, x5, offset 68
PC changed from 0x1c to 0x20
CLK : 147
instruction : 0b11111111010000010000000100010011
Executing: addi x2, x2, -12
Register x2 changed from 0x3b8 to 0x3ac
PC changed from 0x20 to 0x24
CLK : 148
instruction : 0b00000000000100010010010000100011
Executing: sw x1, 8(x2)
Memory 0x948 changed from 0x34 to 0x44
PC changed from 0x24 to 0x28
CLK : 149
instruction : 0b00000000101000010010001000100011
Executing: sw x10, 4(x2)
Memory 0x944 changed from 0x4 to 0x3
PC changed from 0x28 to 0x2c
CLK : 150
instruction : 0b11111111111101010000010100010011
Executing: addi x10, x10, -1
Register x10 changed from 0x3 to 0x2
PC changed from 0x2c to 0x30
CLK : 151
instruction : 0b11111110010111111111000011101111
Executing: jal x1, offset -28
Register x1 changed from 0x44 to 0x34
PC changed from 0x30 to 0x14
CLK : 152
instruction : 0b00000100000001010000001001100011
Executing: beq x10, x0, offset 68
PC changed from 0x14 to 0x18
CLK : 153
instruction : 0b00000000000100000000001010010011
Executing: addi x5, x0, 1
Register x5 changed from 0x1 to 0x1
PC changed from 0x18 to 0x1c
CLK : 154
instruction : 0b00000100010101010000001001100011
Executing: beq x10, x5, offset 68
PC changed from 0x1c to 0x20
CLK : 155
instruction : 0b11111111010000010000000100010011
Executing: addi x2, x2, -12
Register x2 changed from 0x3ac to 0x3a0
PC changed from 0x20 to 0x24
CLK : 156
instruction : 0b00000000000100010010010000100011
Executing: sw x1, 8(x2)
Memory 0x936 changed from 0x44 to 0x34
PC changed from 0x24 to 0x28
CLK : 157
instruction : 0b00000000101000010010001000100011
Executing: sw x10, 4(x2)
Memory 0x932 changed from 0x2 to 0x2
PC changed from 0x28 to 0x2c
CLK : 158
instruction : 0b11111111111101010000010100010011
Executing: addi x10, x10, -1
Register x10 changed from 0x2 to 0x1
PC changed from 0x2c to 0x30
CLK : 159
instruction : 0b11111110010111111111000011101111
Executing: jal x1, offset -28
Register x1 changed from 0x34 to 0x34
PC changed from 0x30 to 0x14
CLK : 160
instruction : 0b00000100000001010000001001100011
Executing: beq x10, x0, offset 68
PC changed from 0x14 to 0x18
CLK : 161
instruction : 0b00000000000100000000001010010011
Executing: addi x5, x0, 1
Register x5 changed from 0x1 to 0x1
PC changed from 0x18 to 0x1c
CLK : 162
instruction : 0b00000100010101010000001001100011
Executing: beq x10, x5, offset 68
PC changed from 0x1c to 0x60
CLK : 163
instruction : 0b00000000000100000000010100010011
Executing: addi x10, x0, 1
Register x10 changed from 0x1 to 0x1
PC changed from 0x60 to 0x64
CLK : 164
instruction : 0b00000000000000001000000001100111
Executing: jalr x0, x1, offset 0
PC changed from 0x64 to 0x34
CLK : 165
instruction : 0b00000000101000010010000000100011
Executing: sw x10, 0(x2)
Memory 0x928 changed from 0x1 to 0x1
PC changed from 0x34 to 0x38
CLK : 166
instruction : 0b00000000010000010010010100000011
Executing: lw x10, 4(x2)
Register x10 changed from 0x1 to 0x2
PC changed from 0x38 to 0x3c
CLK : 167
instruction : 0b11111111111001010000010100010011
Executing: addi x10, x10, -2
Register x10 changed from 0x2 to 0x0
PC changed from 0x3c to 0x40
CLK : 168
instruction : 0b11111101010111111111000011101111
Executing: jal x1, offset -44
Register x1 changed from 0x34 to 0x44
PC changed from 0x40 to 0x14
CLK : 169
instruction : 0b00000100000001010000001001100011
Executing: beq x10, x0, offset 68
PC changed from 0x14 to 0x58
CLK : 170
instruction : 0b00000000000000000000010100010011
Executing: addi x10, x0, 0
Register x10 changed from 0x0 to 0x0
PC changed from 0x58 to 0x5c
CLK : 171
instruction : 0b00000000000000001000000001100111
Executing: jalr x0, x1, offset 0
PC changed from 0x5c to 0x44
CLK : 172
instruction : 0b00000000000000010010010110000011
Executing: lw x11, 0(x2)
Register x11 changed from 0x2 to 0x1
PC changed from 0x44 to 0x48
CLK : 173
instruction : 0b00000000101101010000010100110011
Executing: add x10, x10, x11
Register x10 changed from 0x0 to 0x1
PC changed from 0x48 to 0x4c
CLK : 174
instruction : 0b00000000100000010010000010000011
Executing: lw x1, 8(x2)
Register x1 changed from 0x44 to 0x34
PC changed from 0x4c to 0x50
CLK : 175
instruction : 0b00000000110000010000000100010011
Executing: addi x2, x2, 12
Register x2 changed from 0x3a0 to 0x3ac
PC changed from 0x50 to 0x54
CLK : 176
instruction : 0b00000000000000001000000001100111
Executing: jalr x0, x1, offset 0
PC changed from 0x54 to 0x34
CLK : 177
instruction : 0b00000000101000010010000000100011
Executing: sw x10, 0(x2)
Memory 0x940 changed from 0x2 to 0x1
PC changed from 0x34 to 0x38
CLK : 178
instruction : 0b00000000010000010010010100000011
Executing: lw x10, 4(x2)
Register x10 changed from 0x1 to 0x3
PC changed from 0x38 to 0x3c
CLK : 179
instruction : 0b11111111111001010000010100010011
Executing: addi x10, x10, -2
Register x10 changed from 0x3 to 0x1
PC changed from 0x3c to 0x40
CLK : 180
instruction : 0b11111101010111111111000011101111
Executing: jal x1, offset -44
Register x1 changed from 0x34 to 0x44
PC changed from 0x40 to 0x14
CLK : 181
instruction : 0b00000100000001010000001001100011
Executing: beq x10, x0, offset 68
PC changed from 0x14 to 0x18
CLK : 182
instruction : 0b00000000000100000000001010010011
Executing: addi x5, x0, 1
Register x5 changed from 0x1 to 0x1
PC changed from 0x18 to 0x1c
CLK : 183
instruction : 0b00000100010101010000001001100011
Executing: beq x10, x5, offset 68
PC changed from 0x1c to 0x60
CLK : 184
instruction : 0b00000000000100000000010100010011
Executing: addi x10, x0, 1
Register x10 changed from 0x1 to 0x1
PC changed from 0x60 to 0x64
CLK : 185
instruction : 0b00000000000000001000000001100111
Executing: jalr x0, x1, offset 0
PC changed from 0x64 to 0x44
CLK : 186
instruction : 0b00000000000000010010010110000011
Executing: lw x11, 0(x2)
Register x11 changed from 0x1 to 0x1
PC changed from 0x44 to 0x48
CLK : 187
instruction : 0b00000000101101010000010100110011
Executing: add x10, x10, x11
Register x10 changed from 0x1 to 0x2
PC changed from 0x48 to 0x4c
CLK : 188
instruction : 0b00000000100000010010000010000011
Executing: lw x1, 8(x2)
Register x1 changed from 0x44 to 0x44
PC changed from 0x4c to 0x50
CLK : 189
instruction : 0b00000000110000010000000100010011
Executing: addi x2, x2, 12
Register x2 changed from 0x3ac to 0x3b8
PC changed from 0x50 to 0x54
CLK : 190
instruction : 0b00000000000000001000000001100111
Executing: jalr x0, x1, offset 0
PC changed from 0x54 to 0x44
CLK : 191
instruction : 0b00000000000000010010010110000011
Executing: lw x11, 0(x2)
Register x11 changed from 0x1 to 0x3
PC changed from 0x44 to 0x48
CLK : 192
instruction : 0b00000000101101010000010100110011
Executing: add x10, x10, x11
Register x10 changed from 0x2 to 0x5
PC changed from 0x48 to 0x4c
CLK : 193
instruction : 0b00000000100000010010000010000011
Executing: lw x1, 8(x2)
Register x1 changed from 0x44 to 0x34
PC changed from 0x4c to 0x50
CLK : 194
instruction : 0b00000000110000010000000100010011
Executing: addi x2, x2, 12
Register x2 changed from 0x3b8 to 0x3c4
PC changed from 0x50 to 0x54
CLK : 195
instruction : 0b00000000000000001000000001100111
Executing: jalr x0, x1, offset 0
PC changed from 0x54 to 0x34
CLK : 196
instruction : 0b00000000101000010010000000100011
Executing: sw x10, 0(x2)
Memory 0x964 changed from 0x0 to 0x5
PC changed from 0x34 to 0x38
CLK : 197
instruction : 0b00000000010000010010010100000011
Executing: lw x10, 4(x2)
Register x10 changed from 0x5 to 0x6
PC changed from 0x38 to 0x3c
CLK : 198
instruction : 0b11111111111001010000010100010011
Executing: addi x10, x10, -2
Register x10 changed from 0x6 to 0x4
PC changed from 0x3c to 0x40
CLK : 199
instruction : 0b11111101010111111111000011101111
Executing: jal x1, offset -44
Register x1 changed from 0x34 to 0x44
PC changed from 0x40 to 0x14
CLK : 200
instruction : 0b00000100000001010000001001100011
Executing: beq x10, x0, offset 68
PC changed from 0x14 to 0x18
CLK : 201
instruction : 0b00000000000100000000001010010011
Executing: addi x5, x0, 1
Register x5 changed from 0x1 to 0x1
PC changed from 0x18 to 0x1c
CLK : 202
instruction : 0b00000100010101010000001001100011
Executing: beq x10, x5, offset 68
PC changed from 0x1c to 0x20
CLK : 203
instruction : 0b11111111010000010000000100010011
Executing: addi x2, x2, -12
Register x2 changed from 0x3c4 to 0x3b8
PC changed from 0x20 to 0x24
CLK : 204
instruction : 0b00000000000100010010010000100011
Executing: sw x1, 8(x2)
Memory 0x960 changed from 0x34 to 0x44
PC changed from 0x24 to 0x28
CLK : 205
instruction : 0b00000000101000010010001000100011
Executing: sw x10, 4(x2)
Memory 0x956 changed from 0x5 to 0x4
PC changed from 0x28 to 0x2c
CLK : 206
instruction : 0b11111111111101010000010100010011
Executing: addi x10, x10, -1
Register x10 changed from 0x4 to 0x3
PC changed from 0x2c to 0x30
CLK : 207
instruction : 0b11111110010111111111000011101111
Executing: jal x1, offset -28
Register x1 changed from 0x44 to 0x34
PC changed from 0x30 to 0x14
CLK : 208
instruction : 0b00000100000001010000001001100011
Executing: beq x10, x0, offset 68
PC changed from 0x14 to 0x18
CLK : 209
instruction : 0b00000000000100000000001010010011
Executing: addi x5, x0, 1
Register x5 changed from 0x1 to 0x1
PC changed from 0x18 to 0x1c
CLK : 210
instruction : 0b00000100010101010000001001100011
Executing: beq x10, x5, offset 68
PC changed from 0x1c to 0x20
CLK : 211
instruction : 0b11111111010000010000000100010011
Executing: addi x2, x2, -12
Register x2 changed from 0x3b8 to 0x3ac
PC changed from 0x20 to 0x24
CLK : 212
instruction : 0b00000000000100010010010000100011
Executing: sw x1, 8(x2)
Memory 0x948 changed from 0x44 to 0x34
PC changed from 0x24 to 0x28
CLK : 213
instruction : 0b00000000101000010010001000100011
Executing: sw x10, 4(x2)
Memory 0x944 changed from 0x3 to 0x3
PC changed from 0x28 to 0x2c
CLK : 214
instruction : 0b11111111111101010000010100010011
Executing: addi x10, x10, -1
Register x10 changed from 0x3 to 0x2
PC changed from 0x2c to 0x30
CLK : 215
instruction : 0b11111110010111111111000011101111
Executing: jal x1, offset -28
Register x1 changed from 0x34 to 0x34
PC changed from 0x30 to 0x14
CLK : 216
instruction : 0b00000100000001010000001001100011
Executing: beq x10, x0, offset 68
PC changed from 0x14 to 0x18
CLK : 217
instruction : 0b00000000000100000000001010010011
Executing: addi x5, x0, 1
Register x5 changed from 0x1 to 0x1
PC changed from 0x18 to 0x1c
CLK : 218
instruction : 0b00000100010101010000001001100011
Executing: beq x10, x5, offset 68
PC changed from 0x1c to 0x20
CLK : 219
instruction : 0b11111111010000010000000100010011
Executing: addi x2, x2, -12
Register x2 changed from 0x3ac to 0x3a0
PC changed from 0x20 to 0x24
CLK : 220
instruction : 0b00000000000100010010010000100011
Executing: sw x1, 8(x2)
Memory 0x936 changed from 0x34 to 0x34
PC changed from 0x24 to 0x28
CLK : 221
instruction : 0b00000000101000010010001000100011
Executing: sw x10, 4(x2)
Memory 0x932 changed from 0x2 to 0x2
PC changed from 0x28 to 0x2c
CLK : 222
instruction : 0b11111111111101010000010100010011
Executing: addi x10, x10, -1
Register x10 changed from 0x2 to 0x1
PC changed from 0x2c to 0x30
CLK : 223
instruction : 0b11111110010111111111000011101111
Executing: jal x1, offset -28
Register x1 changed from 0x34 to 0x34
PC changed from 0x30 to 0x14
CLK : 224
instruction : 0b00000100000001010000001001100011
Executing: beq x10, x0, offset 68
PC changed from 0x14 to 0x18
CLK : 225
instruction : 0b00000000000100000000001010010011
Executing: addi x5, x0, 1
Register x5 changed from 0x1 to 0x1
PC changed from 0x18 to 0x1c
CLK : 226
instruction : 0b00000100010101010000001001100011
Executing: beq x10, x5, offset 68
PC changed from 0x1c to 0x60
CLK : 227
instruction : 0b00000000000100000000010100010011
Executing: addi x10, x0, 1
Register x10 changed from 0x1 to 0x1
PC changed from 0x60 to 0x64
CLK : 228
instruction : 0b00000000000000001000000001100111
Executing: jalr x0, x1, offset 0
PC changed from 0x64 to 0x34
CLK : 229
instruction : 0b00000000101000010010000000100011
Executing: sw x10, 0(x2)
Memory 0x928 changed from 0x1 to 0x1
PC changed from 0x34 to 0x38
CLK : 230
instruction : 0b00000000010000010010010100000011
Executing: lw x10, 4(x2)
Register x10 changed from 0x1 to 0x2
PC changed from 0x38 to 0x3c
CLK : 231
instruction : 0b11111111111001010000010100010011
Executing: addi x10, x10, -2
Register x10 changed from 0x2 to 0x0
PC changed from 0x3c to 0x40
CLK : 232
instruction : 0b11111101010111111111000011101111
Executing: jal x1, offset -44
Register x1 changed from 0x34 to 0x44
PC changed from 0x40 to 0x14
CLK : 233
instruction : 0b00000100000001010000001001100011
Executing: beq x10, x0, offset 68
PC changed from 0x14 to 0x58
CLK : 234
instruction : 0b00000000000000000000010100010011
Executing: addi x10, x0, 0
Register x10 changed from 0x0 to 0x0
PC changed from 0x58 to 0x5c
CLK : 235
instruction : 0b00000000000000001000000001100111
Executing: jalr x0, x1, offset 0
PC changed from 0x5c to 0x44
CLK : 236
instruction : 0b00000000000000010010010110000011
Executing: lw x11, 0(x2)
Register x11 changed from 0x3 to 0x1
PC changed from 0x44 to 0x48
CLK : 237
instruction : 0b00000000101101010000010100110011
Executing: add x10, x10, x11
Register x10 changed from 0x0 to 0x1
PC changed from 0x48 to 0x4c
CLK : 238
instruction : 0b00000000100000010010000010000011
Executing: lw x1, 8(x2)
Register x1 changed from 0x44 to 0x34
PC changed from 0x4c to 0x50
CLK : 239
instruction : 0b00000000110000010000000100010011
Executing: addi x2, x2, 12
Register x2 changed from 0x3a0 to 0x3ac
PC changed from 0x50 to 0x54
CLK : 240
instruction : 0b00000000000000001000000001100111
Executing: jalr x0, x1, offset 0
PC changed from 0x54 to 0x34
CLK : 241
instruction : 0b00000000101000010010000000100011
Executing: sw x10, 0(x2)
Memory 0x940 changed from 0x1 to 0x1
PC changed from 0x34 to 0x38
CLK : 242
instruction : 0b00000000010000010010010100000011
Executing: lw x10, 4(x2)
Register x10 changed from 0x1 to 0x3
PC changed from 0x38 to 0x3c
CLK : 243
instruction : 0b11111111111001010000010100010011
Executing: addi x10, x10, -2
Register x10 changed from 0x3 to 0x1
PC changed from 0x3c to 0x40
CLK : 244
instruction : 0b11111101010111111111000011101111
Executing: jal x1, offset -44
Register x1 changed from 0x34 to 0x44
PC changed from 0x40 to 0x14
CLK : 245
instruction : 0b00000100000001010000001001100011
Executing: beq x10, x0, offset 68
PC changed from 0x14 to 0x18
CLK : 246
instruction : 0b00000000000100000000001010010011
Executing: addi x5, x0, 1
Register x5 changed from 0x1 to 0x1
PC changed from 0x18 to 0x1c
CLK : 247
instruction : 0b00000100010101010000001001100011
Executing: beq x10, x5, offset 68
PC changed from 0x1c to 0x60
CLK : 248
instruction : 0b00000000000100000000010100010011
Executing: addi x10, x0, 1
Register x10 changed from 0x1 to 0x1
PC changed from 0x60 to 0x64
CLK : 249
instruction : 0b00000000000000001000000001100111
Executing: jalr x0, x1, offset 0
PC changed from 0x64 to 0x44
CLK : 250
instruction : 0b00000000000000010010010110000011
Executing: lw x11, 0(x2)
Register x11 changed from 0x1 to 0x1
PC changed from 0x44 to 0x48
CLK : 251
instruction : 0b00000000101101010000010100110011
Executing: add x10, x10, x11
Register x10 changed from 0x1 to 0x2
PC changed from 0x48 to 0x4c
CLK : 252
instruction : 0b00000000100000010010000010000011
Executing: lw x1, 8(x2)
Register x1 changed from 0x44 to 0x34
PC changed from 0x4c to 0x50
CLK : 253
instruction : 0b00000000110000010000000100010011
Executing: addi x2, x2, 12
Register x2 changed from 0x3ac to 0x3b8
PC changed from 0x50 to 0x54
CLK : 254
instruction : 0b00000000000000001000000001100111
Executing: jalr x0, x1, offset 0
PC changed from 0x54 to 0x34
CLK : 255
instruction : 0b00000000101000010010000000100011
Executing: sw x10, 0(x2)
Memory 0x952 changed from 0x3 to 0x2
PC changed from 0x34 to 0x38
CLK : 256
instruction : 0b00000000010000010010010100000011
Executing: lw x10, 4(x2)
Register x10 changed from 0x2 to 0x4
PC changed from 0x38 to 0x3c
CLK : 257
instruction : 0b11111111111001010000010100010011
Executing: addi x10, x10, -2
Register x10 changed from 0x4 to 0x2
PC changed from 0x3c to 0x40
CLK : 258
instruction : 0b11111101010111111111000011101111
Executing: jal x1, offset -44
Register x1 changed from 0x34 to 0x44
PC changed from 0x40 to 0x14
CLK : 259
instruction : 0b00000100000001010000001001100011
Executing: beq x10, x0, offset 68
PC changed from 0x14 to 0x18
CLK : 260
instruction : 0b00000000000100000000001010010011
Executing: addi x5, x0, 1
Register x5 changed from 0x1 to 0x1
PC changed from 0x18 to 0x1c
CLK : 261
instruction : 0b00000100010101010000001001100011
Executing: beq x10, x5, offset 68
PC changed from 0x1c to 0x20
CLK : 262
instruction : 0b11111111010000010000000100010011
Executing: addi x2, x2, -12
Register x2 changed from 0x3b8 to 0x3ac
PC changed from 0x20 to 0x24
CLK : 263
instruction : 0b00000000000100010010010000100011
Executing: sw x1, 8(x2)
Memory 0x948 changed from 0x34 to 0x44
PC changed from 0x24 to 0x28
CLK : 264
instruction : 0b00000000101000010010001000100011
Executing: sw x10, 4(x2)
Memory 0x944 changed from 0x3 to 0x2
PC changed from 0x28 to 0x2c
CLK : 265
instruction : 0b11111111111101010000010100010011
Executing: addi x10, x10, -1
Register x10 changed from 0x2 to 0x1
PC changed from 0x2c to 0x30
CLK : 266
instruction : 0b11111110010111111111000011101111
Executing: jal x1, offset -28
Register x1 changed from 0x44 to 0x34
PC changed from 0x30 to 0x14
CLK : 267
instruction : 0b00000100000001010000001001100011
Executing: beq x10, x0, offset 68
PC changed from 0x14 to 0x18
CLK : 268
instruction : 0b00000000000100000000001010010011
Executing: addi x5, x0, 1
Register x5 changed from 0x1 to 0x1
PC changed from 0x18 to 0x1c
CLK : 269
instruction : 0b00000100010101010000001001100011
Executing: beq x10, x5, offset 68
PC changed from 0x1c to 0x60
CLK : 270
instruction : 0b00000000000100000000010100010011
Executing: addi x10, x0, 1
Register x10 changed from 0x1 to 0x1
PC changed from 0x60 to 0x64
CLK : 271
instruction : 0b00000000000000001000000001100111
Executing: jalr x0, x1, offset 0
PC changed from 0x64 to 0x34
CLK : 272
instruction : 0b00000000101000010010000000100011
Executing: sw x10, 0(x2)
Memory 0x940 changed from 0x1 to 0x1
PC changed from 0x34 to 0x38
CLK : 273
instruction : 0b00000000010000010010010100000011
Executing: lw x10, 4(x2)
Register x10 changed from 0x1 to 0x2
PC changed from 0x38 to 0x3c
CLK : 274
instruction : 0b11111111111001010000010100010011
Executing: addi x10, x10, -2
Register x10 changed from 0x2 to 0x0
PC changed from 0x3c to 0x40
CLK : 275
instruction : 0b11111101010111111111000011101111
Executing: jal x1, offset -44
Register x1 changed from 0x34 to 0x44
PC changed from 0x40 to 0x14
CLK : 276
instruction : 0b00000100000001010000001001100011
Executing: beq x10, x0, offset 68
PC changed from 0x14 to 0x58
CLK : 277
instruction : 0b00000000000000000000010100010011
Executing: addi x10, x0, 0
Register x10 changed from 0x0 to 0x0
PC changed from 0x58 to 0x5c
CLK : 278
instruction : 0b00000000000000001000000001100111
Executing: jalr x0, x1, offset 0
PC changed from 0x5c to 0x44
CLK : 279
instruction : 0b00000000000000010010010110000011
Executing: lw x11, 0(x2)
Register x11 changed from 0x1 to 0x1
PC changed from 0x44 to 0x48
CLK : 280
instruction : 0b00000000101101010000010100110011
Executing: add x10, x10, x11
Register x10 changed from 0x0 to 0x1
PC changed from 0x48 to 0x4c
CLK : 281
instruction : 0b00000000100000010010000010000011
Executing: lw x1, 8(x2)
Register x1 changed from 0x44 to 0x44
PC changed from 0x4c to 0x50
CLK : 282
instruction : 0b00000000110000010000000100010011
Executing: addi x2, x2, 12
Register x2 changed from 0x3ac to 0x3b8
PC changed from 0x50 to 0x54
CLK : 283
instruction : 0b00000000000000001000000001100111
Executing: jalr x0, x1, offset 0
PC changed from 0x54 to 0x44
CLK : 284
instruction : 0b00000000000000010010010110000011
Executing: lw x11, 0(x2)
Register x11 changed from 0x1 to 0x2
PC changed from 0x44 to 0x48
CLK : 285
instruction : 0b00000000101101010000010100110011
Executing: add x10, x10, x11
Register x10 changed from 0x1 to 0x3
PC changed from 0x48 to 0x4c
CLK : 286
instruction : 0b00000000100000010010000010000011
Executing: lw x1, 8(x2)
Register x1 changed from 0x44 to 0x44
PC changed from 0x4c to 0x50
CLK : 287
instruction : 0b00000000110000010000000100010011
Executing: addi x2, x2, 12
Register x2 changed from 0x3b8 to 0x3c4
PC changed from 0x50 to 0x54
CLK : 288
instruction : 0b00000000000000001000000001100111
Executing: jalr x0, x1, offset 0
PC changed from 0x54 to 0x44
CLK : 289
instruction : 0b00000000000000010010010110000011
Executing: lw x11, 0(x2)
Register x11 changed from 0x2 to 0x5
PC changed from 0x44 to 0x48
CLK : 290
instruction : 0b00000000101101010000010100110011
Executing: add x10, x10, x11
Register x10 changed from 0x3 to 0x8
PC changed from 0x48 to 0x4c
CLK : 291
instruction : 0b00000000100000010010000010000011
Executing: lw x1, 8(x2)
Register x1 changed from 0x44 to 0x34
PC changed from 0x4c to 0x50
CLK : 292
instruction : 0b00000000110000010000000100010011
Executing: addi x2, x2, 12
Register x2 changed from 0x3c4 to 0x3d0
PC changed from 0x50 to 0x54
CLK : 293
instruction : 0b00000000000000001000000001100111
Executing: jalr x0, x1, offset 0
PC changed from 0x54 to 0x34
CLK : 294
instruction : 0b00000000101000010010000000100011
Executing: sw x10, 0(x2)
Memory 0x976 changed from 0x0 to 0x8
PC changed from 0x34 to 0x38
CLK : 295
instruction : 0b00000000010000010010010100000011
Executing: lw x10, 4(x2)
Register x10 changed from 0x8 to 0x7
PC changed from 0x38 to 0x3c
CLK : 296
instruction : 0b11111111111001010000010100010011
Executing: addi x10, x10, -2
Register x10 changed from 0x7 to 0x5
PC changed from 0x3c to 0x40
CLK : 297
instruction : 0b11111101010111111111000011101111
Executing: jal x1, offset -44
Register x1 changed from 0x34 to 0x44
PC changed from 0x40 to 0x14
CLK : 298
instruction : 0b00000100000001010000001001100011
Executing: beq x10, x0, offset 68
PC changed from 0x14 to 0x18
CLK : 299
instruction : 0b00000000000100000000001010010011
Executing: addi x5, x0, 1
Register x5 changed from 0x1 to 0x1
PC changed from 0x18 to 0x1c
CLK : 300
instruction : 0b00000100010101010000001001100011
Executing: beq x10, x5, offset 68
PC changed from 0x1c to 0x20
CLK : 301
instruction : 0b11111111010000010000000100010011
Executing: addi x2, x2, -12
Register x2 changed from 0x3d0 to 0x3c4
PC changed from 0x20 to 0x24
CLK : 302
instruction : 0b00000000000100010010010000100011
Executing: sw x1, 8(x2)
Memory 0x972 changed from 0x34 to 0x44
PC changed from 0x24 to 0x28
CLK : 303
instruction : 0b00000000101000010010001000100011
Executing: sw x10, 4(x2)
Memory 0x968 changed from 0x6 to 0x5
PC changed from 0x28 to 0x2c
CLK : 304
instruction : 0b11111111111101010000010100010011
Executing: addi x10, x10, -1
Register x10 changed from 0x5 to 0x4
PC changed from 0x2c to 0x30
CLK : 305
instruction : 0b11111110010111111111000011101111
Executing: jal x1, offset -28
Register x1 changed from 0x44 to 0x34
PC changed from 0x30 to 0x14
CLK : 306
instruction : 0b00000100000001010000001001100011
Executing: beq x10, x0, offset 68
PC changed from 0x14 to 0x18
CLK : 307
instruction : 0b00000000000100000000001010010011
Executing: addi x5, x0, 1
Register x5 changed from 0x1 to 0x1
PC changed from 0x18 to 0x1c
CLK : 308
instruction : 0b00000100010101010000001001100011
Executing: beq x10, x5, offset 68
PC changed from 0x1c to 0x20
CLK : 309
instruction : 0b11111111010000010000000100010011
Executing: addi x2, x2, -12
Register x2 changed from 0x3c4 to 0x3b8
PC changed from 0x20 to 0x24
CLK : 310
instruction : 0b00000000000100010010010000100011
Executing: sw x1, 8(x2)
Memory 0x960 changed from 0x44 to 0x34
PC changed from 0x24 to 0x28
CLK : 311
instruction : 0b00000000101000010010001000100011
Executing: sw x10, 4(x2)
Memory 0x956 changed from 0x4 to 0x4
PC changed from 0x28 to 0x2c
CLK : 312
instruction : 0b11111111111101010000010100010011
Executing: addi x10, x10, -1
Register x10 changed from 0x4 to 0x3
PC changed from 0x2c to 0x30
CLK : 313
instruction : 0b11111110010111111111000011101111
Executing: jal x1, offset -28
Register x1 changed from 0x34 to 0x34
PC changed from 0x30 to 0x14
CLK : 314
instruction : 0b00000100000001010000001001100011
Executing: beq x10, x0, offset 68
PC changed from 0x14 to 0x18
CLK : 315
instruction : 0b00000000000100000000001010010011
Executing: addi x5, x0, 1
Register x5 changed from 0x1 to 0x1
PC changed from 0x18 to 0x1c
CLK : 316
instruction : 0b00000100010101010000001001100011
Executing: beq x10, x5, offset 68
PC changed from 0x1c to 0x20
CLK : 317
instruction : 0b11111111010000010000000100010011
Executing: addi x2, x2, -12
Register x2 changed from 0x3b8 to 0x3ac
PC changed from 0x20 to 0x24
CLK : 318
instruction : 0b00000000000100010010010000100011
Executing: sw x1, 8(x2)
Memory 0x948 changed from 0x44 to 0x34
PC changed from 0x24 to 0x28
CLK : 319
instruction : 0b00000000101000010010001000100011
Executing: sw x10, 4(x2)
Memory 0x944 changed from 0x2 to 0x3
PC changed from 0x28 to 0x2c
CLK : 320
instruction : 0b11111111111101010000010100010011
Executing: addi x10, x10, -1
Register x10 changed from 0x3 to 0x2
PC changed from 0x2c to 0x30
CLK : 321
instruction : 0b11111110010111111111000011101111
Executing: jal x1, offset -28
Register x1 changed from 0x34 to 0x34
PC changed from 0x30 to 0x14
CLK : 322
instruction : 0b00000100000001010000001001100011
Executing: beq x10, x0, offset 68
PC changed from 0x14 to 0x18
CLK : 323
instruction : 0b00000000000100000000001010010011
Executing: addi x5, x0, 1
Register x5 changed from 0x1 to 0x1
PC changed from 0x18 to 0x1c
CLK : 324
instruction : 0b00000100010101010000001001100011
Executing: beq x10, x5, offset 68
PC changed from 0x1c to 0x20
CLK : 325
instruction : 0b11111111010000010000000100010011
Executing: addi x2, x2, -12
Register x2 changed from 0x3ac to 0x3a0
PC changed from 0x20 to 0x24
CLK : 326
instruction : 0b00000000000100010010010000100011
Executing: sw x1, 8(x2)
Memory 0x936 changed from 0x34 to 0x34
PC changed from 0x24 to 0x28
CLK : 327
instruction : 0b00000000101000010010001000100011
Executing: sw x10, 4(x2)
Memory 0x932 changed from 0x2 to 0x2
PC changed from 0x28 to 0x2c
CLK : 328
instruction : 0b11111111111101010000010100010011
Executing: addi x10, x10, -1
Register x10 changed from 0x2 to 0x1
PC changed from 0x2c to 0x30
CLK : 329
instruction : 0b11111110010111111111000011101111
Executing: jal x1, offset -28
Register x1 changed from 0x34 to 0x34
PC changed from 0x30 to 0x14
CLK : 330
instruction : 0b00000100000001010000001001100011
Executing: beq x10, x0, offset 68
PC changed from 0x14 to 0x18
CLK : 331
instruction : 0b00000000000100000000001010010011
Executing: addi x5, x0, 1
Register x5 changed from 0x1 to 0x1
PC changed from 0x18 to 0x1c
CLK : 332
instruction : 0b00000100010101010000001001100011
Executing: beq x10, x5, offset 68
PC changed from 0x1c to 0x60
CLK : 333
instruction : 0b00000000000100000000010100010011
Executing: addi x10, x0, 1
Register x10 changed from 0x1 to 0x1
PC changed from 0x60 to 0x64
CLK : 334
instruction : 0b00000000000000001000000001100111
Executing: jalr x0, x1, offset 0
PC changed from 0x64 to 0x34
CLK : 335
instruction : 0b00000000101000010010000000100011
Executing: sw x10, 0(x2)
Memory 0x928 changed from 0x1 to 0x1
PC changed from 0x34 to 0x38
CLK : 336
instruction : 0b00000000010000010010010100000011
Executing: lw x10, 4(x2)
Register x10 changed from 0x1 to 0x2
PC changed from 0x38 to 0x3c
CLK : 337
instruction : 0b11111111111001010000010100010011
Executing: addi x10, x10, -2
Register x10 changed from 0x2 to 0x0
PC changed from 0x3c to 0x40
CLK : 338
instruction : 0b11111101010111111111000011101111
Executing: jal x1, offset -44
Register x1 changed from 0x34 to 0x44
PC changed from 0x40 to 0x14
CLK : 339
instruction : 0b00000100000001010000001001100011
Executing: beq x10, x0, offset 68
PC changed from 0x14 to 0x58
CLK : 340
instruction : 0b00000000000000000000010100010011
Executing: addi x10, x0, 0
Register x10 changed from 0x0 to 0x0
PC changed from 0x58 to 0x5c
CLK : 341
instruction : 0b00000000000000001000000001100111
Executing: jalr x0, x1, offset 0
PC changed from 0x5c to 0x44
CLK : 342
instruction : 0b00000000000000010010010110000011
Executing: lw x11, 0(x2)
Register x11 changed from 0x5 to 0x1
PC changed from 0x44 to 0x48
CLK : 343
instruction : 0b00000000101101010000010100110011
Executing: add x10, x10, x11
Register x10 changed from 0x0 to 0x1
PC changed from 0x48 to 0x4c
CLK : 344
instruction : 0b00000000100000010010000010000011
Executing: lw x1, 8(x2)
Register x1 changed from 0x44 to 0x34
PC changed from 0x4c to 0x50
CLK : 345
instruction : 0b00000000110000010000000100010011
Executing: addi x2, x2, 12
Register x2 changed from 0x3a0 to 0x3ac
PC changed from 0x50 to 0x54
CLK : 346
instruction : 0b00000000000000001000000001100111
Executing: jalr x0, x1, offset 0
PC changed from 0x54 to 0x34
CLK : 347
instruction : 0b00000000101000010010000000100011
Executing: sw x10, 0(x2)
Memory 0x940 changed from 0x1 to 0x1
PC changed from 0x34 to 0x38
CLK : 348
instruction : 0b00000000010000010010010100000011
Executing: lw x10, 4(x2)
Register x10 changed from 0x1 to 0x3
PC changed from 0x38 to 0x3c
CLK : 349
instruction : 0b11111111111001010000010100010011
Executing: addi x10, x10, -2
Register x10 changed from 0x3 to 0x1
PC changed from 0x3c to 0x40
CLK : 350
instruction : 0b11111101010111111111000011101111
Executing: jal x1, offset -44
Register x1 changed from 0x34 to 0x44
PC changed from 0x40 to 0x14
CLK : 351
instruction : 0b00000100000001010000001001100011
Executing: beq x10, x0, offset 68
PC changed from 0x14 to 0x18
CLK : 352
instruction : 0b00000000000100000000001010010011
Executing: addi x5, x0, 1
Register x5 changed from 0x1 to 0x1
PC changed from 0x18 to 0x1c
CLK : 353
instruction : 0b00000100010101010000001001100011
Executing: beq x10, x5, offset 68
PC changed from 0x1c to 0x60
CLK : 354
instruction : 0b00000000000100000000010100010011
Executing: addi x10, x0, 1
Register x10 changed from 0x1 to 0x1
PC changed from 0x60 to 0x64
CLK : 355
instruction : 0b00000000000000001000000001100111
Executing: jalr x0, x1, offset 0
PC changed from 0x64 to 0x44
CLK : 356
instruction : 0b00000000000000010010010110000011
Executing: lw x11, 0(x2)
Register x11 changed from 0x1 to 0x1
PC changed from 0x44 to 0x48
CLK : 357
instruction : 0b00000000101101010000010100110011
Executing: add x10, x10, x11
Register x10 changed from 0x1 to 0x2
PC changed from 0x48 to 0x4c
CLK : 358
instruction : 0b00000000100000010010000010000011
Executing: lw x1, 8(x2)
Register x1 changed from 0x44 to 0x34
PC changed from 0x4c to 0x50
CLK : 359
instruction : 0b00000000110000010000000100010011
Executing: addi x2, x2, 12
Register x2 changed from 0x3ac to 0x3b8
PC changed from 0x50 to 0x54
CLK : 360
instruction : 0b00000000000000001000000001100111
Executing: jalr x0, x1, offset 0
PC changed from 0x54 to 0x34
CLK : 361
instruction : 0b00000000101000010010000000100011
Executing: sw x10, 0(x2)
Memory 0x952 changed from 0x2 to 0x2
PC changed from 0x34 to 0x38
CLK : 362
instruction : 0b00000000010000010010010100000011
Executing: lw x10, 4(x2)
Register x10 changed from 0x2 to 0x4
PC changed from 0x38 to 0x3c
CLK : 363
instruction : 0b11111111111001010000010100010011
Executing: addi x10, x10, -2
Register x10 changed from 0x4 to 0x2
PC changed from 0x3c to 0x40
CLK : 364
instruction : 0b11111101010111111111000011101111
Executing: jal x1, offset -44
Register x1 changed from 0x34 to 0x44
PC changed from 0x40 to 0x14
CLK : 365
instruction : 0b00000100000001010000001001100011
Executing: beq x10, x0, offset 68
PC changed from 0x14 to 0x18
CLK : 366
instruction : 0b00000000000100000000001010010011
Executing: addi x5, x0, 1
Register x5 changed from 0x1 to 0x1
PC changed from 0x18 to 0x1c
CLK : 367
instruction : 0b00000100010101010000001001100011
Executing: beq x10, x5, offset 68
PC changed from 0x1c to 0x20
CLK : 368
instruction : 0b11111111010000010000000100010011
Executing: addi x2, x2, -12
Register x2 changed from 0x3b8 to 0x3ac
PC changed from 0x20 to 0x24
CLK : 369
instruction : 0b00000000000100010010010000100011
Executing: sw x1, 8(x2)
Memory 0x948 changed from 0x34 to 0x44
PC changed from 0x24 to 0x28
CLK : 370
instruction : 0b00000000101000010010001000100011
Executing: sw x10, 4(x2)
Memory 0x944 changed from 0x3 to 0x2
PC changed from 0x28 to 0x2c
CLK : 371
instruction : 0b11111111111101010000010100010011
Executing: addi x10, x10, -1
Register x10 changed from 0x2 to 0x1
PC changed from 0x2c to 0x30
CLK : 372
instruction : 0b11111110010111111111000011101111
Executing: jal x1, offset -28
Register x1 changed from 0x44 to 0x34
PC changed from 0x30 to 0x14
CLK : 373
instruction : 0b00000100000001010000001001100011
Executing: beq x10, x0, offset 68
PC changed from 0x14 to 0x18
CLK : 374
instruction : 0b00000000000100000000001010010011
Executing: addi x5, x0, 1
Register x5 changed from 0x1 to 0x1
PC changed from 0x18 to 0x1c
CLK : 375
instruction : 0b00000100010101010000001001100011
Executing: beq x10, x5, offset 68
PC changed from 0x1c to 0x60
CLK : 376
instruction : 0b00000000000100000000010100010011
Executing: addi x10, x0, 1
Register x10 changed from 0x1 to 0x1
PC changed from 0x60 to 0x64
CLK : 377
instruction : 0b00000000000000001000000001100111
Executing: jalr x0, x1, offset 0
PC changed from 0x64 to 0x34
CLK : 378
instruction : 0b00000000101000010010000000100011
Executing: sw x10, 0(x2)
Memory 0x940 changed from 0x1 to 0x1
PC changed from 0x34 to 0x38
CLK : 379
instruction : 0b00000000010000010010010100000011
Executing: lw x10, 4(x2)
Register x10 changed from 0x1 to 0x2
PC changed from 0x38 to 0x3c
CLK : 380
instruction : 0b11111111111001010000010100010011
Executing: addi x10, x10, -2
Register x10 changed from 0x2 to 0x0
PC changed from 0x3c to 0x40
CLK : 381
instruction : 0b11111101010111111111000011101111
Executing: jal x1, offset -44
Register x1 changed from 0x34 to 0x44
PC changed from 0x40 to 0x14
CLK : 382
instruction : 0b00000100000001010000001001100011
Executing: beq x10, x0, offset 68
PC changed from 0x14 to 0x58
CLK : 383
instruction : 0b00000000000000000000010100010011
Executing: addi x10, x0, 0
Register x10 changed from 0x0 to 0x0
PC changed from 0x58 to 0x5c
CLK : 384
instruction : 0b00000000000000001000000001100111
Executing: jalr x0, x1, offset 0
PC changed from 0x5c to 0x44
CLK : 385
instruction : 0b00000000000000010010010110000011
Executing: lw x11, 0(x2)
Register x11 changed from 0x1 to 0x1
PC changed from 0x44 to 0x48
CLK : 386
instruction : 0b00000000101101010000010100110011
Executing: add x10, x10, x11
Register x10 changed from 0x0 to 0x1
PC changed from 0x48 to 0x4c
CLK : 387
instruction : 0b00000000100000010010000010000011
Executing: lw x1, 8(x2)
Register x1 changed from 0x44 to 0x44
PC changed from 0x4c to 0x50
CLK : 388
instruction : 0b00000000110000010000000100010011
Executing: addi x2, x2, 12
Register x2 changed from 0x3ac to 0x3b8
PC changed from 0x50 to 0x54
CLK : 389
instruction : 0b00000000000000001000000001100111
Executing: jalr x0, x1, offset 0
PC changed from 0x54 to 0x44
CLK : 390
instruction : 0b00000000000000010010010110000011
Executing: lw x11, 0(x2)
Register x11 changed from 0x1 to 0x2
PC changed from 0x44 to 0x48
CLK : 391
instruction : 0b00000000101101010000010100110011
Executing: add x10, x10, x11
Register x10 changed from 0x1 to 0x3
PC changed from 0x48 to 0x4c
CLK : 392
instruction : 0b00000000100000010010000010000011
Executing: lw x1, 8(x2)
Register x1 changed from 0x44 to 0x34
PC changed from 0x4c to 0x50
CLK : 393
instruction : 0b00000000110000010000000100010011
Executing: addi x2, x2, 12
Register x2 changed from 0x3b8 to 0x3c4
PC changed from 0x50 to 0x54
CLK : 394
instruction : 0b00000000000000001000000001100111
Executing: jalr x0, x1, offset 0
PC changed from 0x54 to 0x34
CLK : 395
instruction : 0b00000000101000010010000000100011
Executing: sw x10, 0(x2)
Memory 0x964 changed from 0x5 to 0x3
PC changed from 0x34 to 0x38
CLK : 396
instruction : 0b00000000010000010010010100000011
Executing: lw x10, 4(x2)
Register x10 changed from 0x3 to 0x5
PC changed from 0x38 to 0x3c
CLK : 397
instruction : 0b11111111111001010000010100010011
Executing: addi x10, x10, -2
Register x10 changed from 0x5 to 0x3
PC changed from 0x3c to 0x40
CLK : 398
instruction : 0b11111101010111111111000011101111
Executing: jal x1, offset -44
Register x1 changed from 0x34 to 0x44
PC changed from 0x40 to 0x14
CLK : 399
instruction : 0b00000100000001010000001001100011
Executing: beq x10, x0, offset 68
PC changed from 0x14 to 0x18
CLK : 400
instruction : 0b00000000000100000000001010010011
Executing: addi x5, x0, 1
Register x5 changed from 0x1 to 0x1
PC changed from 0x18 to 0x1c
CLK : 401
instruction : 0b00000100010101010000001001100011
Executing: beq x10, x5, offset 68
PC changed from 0x1c to 0x20
CLK : 402
instruction : 0b11111111010000010000000100010011
Executing: addi x2, x2, -12
Register x2 changed from 0x3c4 to 0x3b8
PC changed from 0x20 to 0x24
CLK : 403
instruction : 0b00000000000100010010010000100011
Executing: sw x1, 8(x2)
Memory 0x960 changed from 0x34 to 0x44
PC changed from 0x24 to 0x28
CLK : 404
instruction : 0b00000000101000010010001000100011
Executing: sw x10, 4(x2)
Memory 0x956 changed from 0x4 to 0x3
PC changed from 0x28 to 0x2c
CLK : 405
instruction : 0b11111111111101010000010100010011
Executing: addi x10, x10, -1
Register x10 changed from 0x3 to 0x2
PC changed from 0x2c to 0x30
CLK : 406
instruction : 0b11111110010111111111000011101111
Executing: jal x1, offset -28
Register x1 changed from 0x44 to 0x34
PC changed from 0x30 to 0x14
CLK : 407
instruction : 0b00000100000001010000001001100011
Executing: beq x10, x0, offset 68
PC changed from 0x14 to 0x18
CLK : 408
instruction : 0b00000000000100000000001010010011
Executing: addi x5, x0, 1
Register x5 changed from 0x1 to 0x1
PC changed from 0x18 to 0x1c
CLK : 409
instruction : 0b00000100010101010000001001100011
Executing: beq x10, x5, offset 68
PC changed from 0x1c to 0x20
CLK : 410
instruction : 0b11111111010000010000000100010011
Executing: addi x2, x2, -12
Register x2 changed from 0x3b8 to 0x3ac
PC changed from 0x20 to 0x24
CLK : 411
instruction : 0b00000000000100010010010000100011
Executing: sw x1, 8(x2)
Memory 0x948 changed from 0x44 to 0x34
PC changed from 0x24 to 0x28
CLK : 412
instruction : 0b00000000101000010010001000100011
Executing: sw x10, 4(x2)
Memory 0x944 changed from 0x2 to 0x2
PC changed from 0x28 to 0x2c
CLK : 413
instruction : 0b11111111111101010000010100010011
Executing: addi x10, x10, -1
Register x10 changed from 0x2 to 0x1
PC changed from 0x2c to 0x30
CLK : 414
instruction : 0b11111110010111111111000011101111
Executing: jal x1, offset -28
Register x1 changed from 0x34 to 0x34
PC changed from 0x30 to 0x14
CLK : 415
instruction : 0b00000100000001010000001001100011
Executing: beq x10, x0, offset 68
PC changed from 0x14 to 0x18
CLK : 416
instruction : 0b00000000000100000000001010010011
Executing: addi x5, x0, 1
Register x5 changed from 0x1 to 0x1
PC changed from 0x18 to 0x1c
CLK : 417
instruction : 0b00000100010101010000001001100011
Executing: beq x10, x5, offset 68
PC changed from 0x1c to 0x60
CLK : 418
instruction : 0b00000000000100000000010100010011
Executing: addi x10, x0, 1
Register x10 changed from 0x1 to 0x1
PC changed from 0x60 to 0x64
CLK : 419
instruction : 0b00000000000000001000000001100111
Executing: jalr x0, x1, offset 0
PC changed from 0x64 to 0x34
CLK : 420
instruction : 0b00000000101000010010000000100011
Executing: sw x10, 0(x2)
Memory 0x940 changed from 0x1 to 0x1
PC changed from 0x34 to 0x38
CLK : 421
instruction : 0b00000000010000010010010100000011
Executing: lw x10, 4(x2)
Register x10 changed from 0x1 to 0x2
PC changed from 0x38 to 0x3c
CLK : 422
instruction : 0b11111111111001010000010100010011
Executing: addi x10, x10, -2
Register x10 changed from 0x2 to 0x0
PC changed from 0x3c to 0x40
CLK : 423
instruction : 0b11111101010111111111000011101111
Executing: jal x1, offset -44
Register x1 changed from 0x34 to 0x44
PC changed from 0x40 to 0x14
CLK : 424
instruction : 0b00000100000001010000001001100011
Executing: beq x10, x0, offset 68
PC changed from 0x14 to 0x58
CLK : 425
instruction : 0b00000000000000000000010100010011
Executing: addi x10, x0, 0
Register x10 changed from 0x0 to 0x0
PC changed from 0x58 to 0x5c
CLK : 426
instruction : 0b00000000000000001000000001100111
Executing: jalr x0, x1, offset 0
PC changed from 0x5c to 0x44
CLK : 427
instruction : 0b00000000000000010010010110000011
Executing: lw x11, 0(x2)
Register x11 changed from 0x2 to 0x1
PC changed from 0x44 to 0x48
CLK : 428
instruction : 0b00000000101101010000010100110011
Executing: add x10, x10, x11
Register x10 changed from 0x0 to 0x1
PC changed from 0x48 to 0x4c
CLK : 429
instruction : 0b00000000100000010010000010000011
Executing: lw x1, 8(x2)
Register x1 changed from 0x44 to 0x34
PC changed from 0x4c to 0x50
CLK : 430
instruction : 0b00000000110000010000000100010011
Executing: addi x2, x2, 12
Register x2 changed from 0x3ac to 0x3b8
PC changed from 0x50 to 0x54
CLK : 431
instruction : 0b00000000000000001000000001100111
Executing: jalr x0, x1, offset 0
PC changed from 0x54 to 0x34
CLK : 432
instruction : 0b00000000101000010010000000100011
Executing: sw x10, 0(x2)
Memory 0x952 changed from 0x2 to 0x1
PC changed from 0x34 to 0x38
CLK : 433
instruction : 0b00000000010000010010010100000011
Executing: lw x10, 4(x2)
Register x10 changed from 0x1 to 0x3
PC changed from 0x38 to 0x3c
CLK : 434
instruction : 0b11111111111001010000010100010011
Executing: addi x10, x10, -2
Register x10 changed from 0x3 to 0x1
PC changed from 0x3c to 0x40
CLK : 435
instruction : 0b11111101010111111111000011101111
Executing: jal x1, offset -44
Register x1 changed from 0x34 to 0x44
PC changed from 0x40 to 0x14
CLK : 436
instruction : 0b00000100000001010000001001100011
Executing: beq x10, x0, offset 68
PC changed from 0x14 to 0x18
CLK : 437
instruction : 0b00000000000100000000001010010011
Executing: addi x5, x0, 1
Register x5 changed from 0x1 to 0x1
PC changed from 0x18 to 0x1c
CLK : 438
instruction : 0b00000100010101010000001001100011
Executing: beq x10, x5, offset 68
PC changed from 0x1c to 0x60
CLK : 439
instruction : 0b00000000000100000000010100010011
Executing: addi x10, x0, 1
Register x10 changed from 0x1 to 0x1
PC changed from 0x60 to 0x64
CLK : 440
instruction : 0b00000000000000001000000001100111
Executing: jalr x0, x1, offset 0
PC changed from 0x64 to 0x44
CLK : 441
instruction : 0b00000000000000010010010110000011
Executing: lw x11, 0(x2)
Register x11 changed from 0x1 to 0x1
PC changed from 0x44 to 0x48
CLK : 442
instruction : 0b00000000101101010000010100110011
Executing: add x10, x10, x11
Register x10 changed from 0x1 to 0x2
PC changed from 0x48 to 0x4c
CLK : 443
instruction : 0b00000000100000010010000010000011
Executing: lw x1, 8(x2)
Register x1 changed from 0x44 to 0x44
PC changed from 0x4c to 0x50
CLK : 444
instruction : 0b00000000110000010000000100010011
Executing: addi x2, x2, 12
Register x2 changed from 0x3b8 to 0x3c4
PC changed from 0x50 to 0x54
CLK : 445
instruction : 0b00000000000000001000000001100111
Executing: jalr x0, x1, offset 0
PC changed from 0x54 to 0x44
CLK : 446
instruction : 0b00000000000000010010010110000011
Executing: lw x11, 0(x2)
Register x11 changed from 0x1 to 0x3
PC changed from 0x44 to 0x48
CLK : 447
instruction : 0b00000000101101010000010100110011
Executing: add x10, x10, x11
Register x10 changed from 0x2 to 0x5
PC changed from 0x48 to 0x4c
CLK : 448
instruction : 0b00000000100000010010000010000011
Executing: lw x1, 8(x2)
Register x1 changed from 0x44 to 0x44
PC changed from 0x4c to 0x50
CLK : 449
instruction : 0b00000000110000010000000100010011
Executing: addi x2, x2, 12
Register x2 changed from 0x3c4 to 0x3d0
PC changed from 0x50 to 0x54
CLK : 450
instruction : 0b00000000000000001000000001100111
Executing: jalr x0, x1, offset 0
PC changed from 0x54 to 0x44
CLK : 451
instruction : 0b00000000000000010010010110000011
Executing: lw x11, 0(x2)
Register x11 changed from 0x3 to 0x8
PC changed from 0x44 to 0x48
CLK : 452
instruction : 0b00000000101101010000010100110011
Executing: add x10, x10, x11
Register x10 changed from 0x5 to 0xd
PC changed from 0x48 to 0x4c
CLK : 453
instruction : 0b00000000100000010010000010000011
Executing: lw x1, 8(x2)
Register x1 changed from 0x44 to 0x34
PC changed from 0x4c to 0x50
CLK : 454
instruction : 0b00000000110000010000000100010011
Executing: addi x2, x2, 12
Register x2 changed from 0x3d0 to 0x3dc
PC changed from 0x50 to 0x54
CLK : 455
instruction : 0b00000000000000001000000001100111
Executing: jalr x0, x1, offset 0
PC changed from 0x54 to 0x34
CLK : 456
instruction : 0b00000000101000010010000000100011
Executing: sw x10, 0(x2)
Memory 0x988 changed from 0x0 to 0xd
PC changed from 0x34 to 0x38
CLK : 457
instruction : 0b00000000010000010010010100000011
Executing: lw x10, 4(x2)
Register x10 changed from 0xd to 0x8
PC changed from 0x38 to 0x3c
CLK : 458
instruction : 0b11111111111001010000010100010011
Executing: addi x10, x10, -2
Register x10 changed from 0x8 to 0x6
PC changed from 0x3c to 0x40
CLK : 459
instruction : 0b11111101010111111111000011101111
Executing: jal x1, offset -44
Register x1 changed from 0x34 to 0x44
PC changed from 0x40 to 0x14
CLK : 460
instruction : 0b00000100000001010000001001100011
Executing: beq x10, x0, offset 68
PC changed from 0x14 to 0x18
CLK : 461
instruction : 0b00000000000100000000001010010011
Executing: addi x5, x0, 1
Register x5 changed from 0x1 to 0x1
PC changed from 0x18 to 0x1c
CLK : 462
instruction : 0b00000100010101010000001001100011
Executing: beq x10, x5, offset 68
PC changed from 0x1c to 0x20
CLK : 463
instruction : 0b11111111010000010000000100010011
Executing: addi x2, x2, -12
Register x2 changed from 0x3dc to 0x3d0
PC changed from 0x20 to 0x24
CLK : 464
instruction : 0b00000000000100010010010000100011
Executing: sw x1, 8(x2)
Memory 0x984 changed from 0x34 to 0x44
PC changed from 0x24 to 0x28
CLK : 465
instruction : 0b00000000101000010010001000100011
Executing: sw x10, 4(x2)
Memory 0x980 changed from 0x7 to 0x6
PC changed from 0x28 to 0x2c
CLK : 466
instruction : 0b11111111111101010000010100010011
Executing: addi x10, x10, -1
Register x10 changed from 0x6 to 0x5
PC changed from 0x2c to 0x30
CLK : 467
instruction : 0b11111110010111111111000011101111
Executing: jal x1, offset -28
Register x1 changed from 0x44 to 0x34
PC changed from 0x30 to 0x14
CLK : 468
instruction : 0b00000100000001010000001001100011
Executing: beq x10, x0, offset 68
PC changed from 0x14 to 0x18
CLK : 469
instruction : 0b00000000000100000000001010010011
Executing: addi x5, x0, 1
Register x5 changed from 0x1 to 0x1
PC changed from 0x18 to 0x1c
CLK : 470
instruction : 0b00000100010101010000001001100011
Executing: beq x10, x5, offset 68
PC changed from 0x1c to 0x20
CLK : 471
instruction : 0b11111111010000010000000100010011
Executing: addi x2, x2, -12
Register x2 changed from 0x3d0 to 0x3c4
PC changed from 0x20 to 0x24
CLK : 472
instruction : 0b00000000000100010010010000100011
Executing: sw x1, 8(x2)
Memory 0x972 changed from 0x44 to 0x34
PC changed from 0x24 to 0x28
CLK : 473
instruction : 0b00000000101000010010001000100011
Executing: sw x10, 4(x2)
Memory 0x968 changed from 0x5 to 0x5
PC changed from 0x28 to 0x2c
CLK : 474
instruction : 0b11111111111101010000010100010011
Executing: addi x10, x10, -1
Register x10 changed from 0x5 to 0x4
PC changed from 0x2c to 0x30
CLK : 475
instruction : 0b11111110010111111111000011101111
Executing: jal x1, offset -28
Register x1 changed from 0x34 to 0x34
PC changed from 0x30 to 0x14
CLK : 476
instruction : 0b00000100000001010000001001100011
Executing: beq x10, x0, offset 68
PC changed from 0x14 to 0x18
CLK : 477
instruction : 0b00000000000100000000001010010011
Executing: addi x5, x0, 1
Register x5 changed from 0x1 to 0x1
PC changed from 0x18 to 0x1c
CLK : 478
instruction : 0b00000100010101010000001001100011
Executing: beq x10, x5, offset 68
PC changed from 0x1c to 0x20
CLK : 479
instruction : 0b11111111010000010000000100010011
Executing: addi x2, x2, -12
Register x2 changed from 0x3c4 to 0x3b8
PC changed from 0x20 to 0x24
CLK : 480
instruction : 0b00000000000100010010010000100011
Executing: sw x1, 8(x2)
Memory 0x960 changed from 0x44 to 0x34
PC changed from 0x24 to 0x28
CLK : 481
instruction : 0b00000000101000010010001000100011
Executing: sw x10, 4(x2)
Memory 0x956 changed from 0x3 to 0x4
PC changed from 0x28 to 0x2c
CLK : 482
instruction : 0b11111111111101010000010100010011
Executing: addi x10, x10, -1
Register x10 changed from 0x4 to 0x3
PC changed from 0x2c to 0x30
CLK : 483
instruction : 0b11111110010111111111000011101111
Executing: jal x1, offset -28
Register x1 changed from 0x34 to 0x34
PC changed from 0x30 to 0x14
CLK : 484
instruction : 0b00000100000001010000001001100011
Executing: beq x10, x0, offset 68
PC changed from 0x14 to 0x18
CLK : 485
instruction : 0b00000000000100000000001010010011
Executing: addi x5, x0, 1
Register x5 changed from 0x1 to 0x1
PC changed from 0x18 to 0x1c
CLK : 486
instruction : 0b00000100010101010000001001100011
Executing: beq x10, x5, offset 68
PC changed from 0x1c to 0x20
CLK : 487
instruction : 0b11111111010000010000000100010011
Executing: addi x2, x2, -12
Register x2 changed from 0x3b8 to 0x3ac
PC changed from 0x20 to 0x24
CLK : 488
instruction : 0b00000000000100010010010000100011
Executing: sw x1, 8(x2)
Memory 0x948 changed from 0x34 to 0x34
PC changed from 0x24 to 0x28
CLK : 489
instruction : 0b00000000101000010010001000100011
Executing: sw x10, 4(x2)
Memory 0x944 changed from 0x2 to 0x3
PC changed from 0x28 to 0x2c
CLK : 490
instruction : 0b11111111111101010000010100010011
Executing: addi x10, x10, -1
Register x10 changed from 0x3 to 0x2
PC changed from 0x2c to 0x30
CLK : 491
instruction : 0b11111110010111111111000011101111
Executing: jal x1, offset -28
Register x1 changed from 0x34 to 0x34
PC changed from 0x30 to 0x14
CLK : 492
instruction : 0b00000100000001010000001001100011
Executing: beq x10, x0, offset 68
PC changed from 0x14 to 0x18
CLK : 493
instruction : 0b00000000000100000000001010010011
Executing: addi x5, x0, 1
Register x5 changed from 0x1 to 0x1
PC changed from 0x18 to 0x1c
CLK : 494
instruction : 0b00000100010101010000001001100011
Executing: beq x10, x5, offset 68
PC changed from 0x1c to 0x20
CLK : 495
instruction : 0b11111111010000010000000100010011
Executing: addi x2, x2, -12
Register x2 changed from 0x3ac to 0x3a0
PC changed from 0x20 to 0x24
CLK : 496
instruction : 0b00000000000100010010010000100011
Executing: sw x1, 8(x2)
Memory 0x936 changed from 0x34 to 0x34
PC changed from 0x24 to 0x28
CLK : 497
instruction : 0b00000000101000010010001000100011
Executing: sw x10, 4(x2)
Memory 0x932 changed from 0x2 to 0x2
PC changed from 0x28 to 0x2c
CLK : 498
instruction : 0b11111111111101010000010100010011
Executing: addi x10, x10, -1
Register x10 changed from 0x2 to 0x1
PC changed from 0x2c to 0x30
CLK : 499
instruction : 0b11111110010111111111000011101111
Executing: jal x1, offset -28
Register x1 changed from 0x34 to 0x34
PC changed from 0x30 to 0x14
CLK : 500
instruction : 0b00000100000001010000001001100011
Executing: beq x10, x0, offset 68
PC changed from 0x14 to 0x18
CLK : 501
instruction : 0b00000000000100000000001010010011
Executing: addi x5, x0, 1
Register x5 changed from 0x1 to 0x1
PC changed from 0x18 to 0x1c
CLK : 502
instruction : 0b00000100010101010000001001100011
Executing: beq x10, x5, offset 68
PC changed from 0x1c to 0x60
CLK : 503
instruction : 0b00000000000100000000010100010011
Executing: addi x10, x0, 1
Register x10 changed from 0x1 to 0x1
PC changed from 0x60 to 0x64
CLK : 504
instruction : 0b00000000000000001000000001100111
Executing: jalr x0, x1, offset 0
PC changed from 0x64 to 0x34
CLK : 505
instruction : 0b00000000101000010010000000100011
Executing: sw x10, 0(x2)
Memory 0x928 changed from 0x1 to 0x1
PC changed from 0x34 to 0x38
CLK : 506
instruction : 0b00000000010000010010010100000011
Executing: lw x10, 4(x2)
Register x10 changed from 0x1 to 0x2
PC changed from 0x38 to 0x3c
CLK : 507
instruction : 0b11111111111001010000010100010011
Executing: addi x10, x10, -2
Register x10 changed from 0x2 to 0x0
PC changed from 0x3c to 0x40
CLK : 508
instruction : 0b11111101010111111111000011101111
Executing: jal x1, offset -44
Register x1 changed from 0x34 to 0x44
PC changed from 0x40 to 0x14
CLK : 509
instruction : 0b00000100000001010000001001100011
Executing: beq x10, x0, offset 68
PC changed from 0x14 to 0x58
CLK : 510
instruction : 0b00000000000000000000010100010011
Executing: addi x10, x0, 0
Register x10 changed from 0x0 to 0x0
PC changed from 0x58 to 0x5c
CLK : 511
instruction : 0b00000000000000001000000001100111
Executing: jalr x0, x1, offset 0
PC changed from 0x5c to 0x44
CLK : 512
instruction : 0b00000000000000010010010110000011
Executing: lw x11, 0(x2)
Register x11 changed from 0x8 to 0x1
PC changed from 0x44 to 0x48
CLK : 513
instruction : 0b00000000101101010000010100110011
Executing: add x10, x10, x11
Register x10 changed from 0x0 to 0x1
PC changed from 0x48 to 0x4c
CLK : 514
instruction : 0b00000000100000010010000010000011
Executing: lw x1, 8(x2)
Register x1 changed from 0x44 to 0x34
PC changed from 0x4c to 0x50
CLK : 515
instruction : 0b00000000110000010000000100010011
Executing: addi x2, x2, 12
Register x2 changed from 0x3a0 to 0x3ac
PC changed from 0x50 to 0x54
CLK : 516
instruction : 0b00000000000000001000000001100111
Executing: jalr x0, x1, offset 0
PC changed from 0x54 to 0x34
CLK : 517
instruction : 0b00000000101000010010000000100011
Executing: sw x10, 0(x2)
Memory 0x940 changed from 0x1 to 0x1
PC changed from 0x34 to 0x38
CLK : 518
instruction : 0b00000000010000010010010100000011
Executing: lw x10, 4(x2)
Register x10 changed from 0x1 to 0x3
PC changed from 0x38 to 0x3c
CLK : 519
instruction : 0b11111111111001010000010100010011
Executing: addi x10, x10, -2
Register x10 changed from 0x3 to 0x1
PC changed from 0x3c to 0x40
CLK : 520
instruction : 0b11111101010111111111000011101111
Executing: jal x1, offset -44
Register x1 changed from 0x34 to 0x44
PC changed from 0x40 to 0x14
CLK : 521
instruction : 0b00000100000001010000001001100011
Executing: beq x10, x0, offset 68
PC changed from 0x14 to 0x18
CLK : 522
instruction : 0b00000000000100000000001010010011
Executing: addi x5, x0, 1
Register x5 changed from 0x1 to 0x1
PC changed from 0x18 to 0x1c
CLK : 523
instruction : 0b00000100010101010000001001100011
Executing: beq x10, x5, offset 68
PC changed from 0x1c to 0x60
CLK : 524
instruction : 0b00000000000100000000010100010011
Executing: addi x10, x0, 1
Register x10 changed from 0x1 to 0x1
PC changed from 0x60 to 0x64
CLK : 525
instruction : 0b00000000000000001000000001100111
Executing: jalr x0, x1, offset 0
PC changed from 0x64 to 0x44
CLK : 526
instruction : 0b00000000000000010010010110000011
Executing: lw x11, 0(x2)
Register x11 changed from 0x1 to 0x1
PC changed from 0x44 to 0x48
CLK : 527
instruction : 0b00000000101101010000010100110011
Executing: add x10, x10, x11
Register x10 changed from 0x1 to 0x2
PC changed from 0x48 to 0x4c
CLK : 528
instruction : 0b00000000100000010010000010000011
Executing: lw x1, 8(x2)
Register x1 changed from 0x44 to 0x34
PC changed from 0x4c to 0x50
CLK : 529
instruction : 0b00000000110000010000000100010011
Executing: addi x2, x2, 12
Register x2 changed from 0x3ac to 0x3b8
PC changed from 0x50 to 0x54
CLK : 530
instruction : 0b00000000000000001000000001100111
Executing: jalr x0, x1, offset 0
PC changed from 0x54 to 0x34
CLK : 531
instruction : 0b00000000101000010010000000100011
Executing: sw x10, 0(x2)
Memory 0x952 changed from 0x1 to 0x2
PC changed from 0x34 to 0x38
CLK : 532
instruction : 0b00000000010000010010010100000011
Executing: lw x10, 4(x2)
Register x10 changed from 0x2 to 0x4
PC changed from 0x38 to 0x3c
CLK : 533
instruction : 0b11111111111001010000010100010011
Executing: addi x10, x10, -2
Register x10 changed from 0x4 to 0x2
PC changed from 0x3c to 0x40
CLK : 534
instruction : 0b11111101010111111111000011101111
Executing: jal x1, offset -44
Register x1 changed from 0x34 to 0x44
PC changed from 0x40 to 0x14
CLK : 535
instruction : 0b00000100000001010000001001100011
Executing: beq x10, x0, offset 68
PC changed from 0x14 to 0x18
CLK : 536
instruction : 0b00000000000100000000001010010011
Executing: addi x5, x0, 1
Register x5 changed from 0x1 to 0x1
PC changed from 0x18 to 0x1c
CLK : 537
instruction : 0b00000100010101010000001001100011
Executing: beq x10, x5, offset 68
PC changed from 0x1c to 0x20
CLK : 538
instruction : 0b11111111010000010000000100010011
Executing: addi x2, x2, -12
Register x2 changed from 0x3b8 to 0x3ac
PC changed from 0x20 to 0x24
CLK : 539
instruction : 0b00000000000100010010010000100011
Executing: sw x1, 8(x2)
Memory 0x948 changed from 0x34 to 0x44
PC changed from 0x24 to 0x28
CLK : 540
instruction : 0b00000000101000010010001000100011
Executing: sw x10, 4(x2)
Memory 0x944 changed from 0x3 to 0x2
PC changed from 0x28 to 0x2c
CLK : 541
instruction : 0b11111111111101010000010100010011
Executing: addi x10, x10, -1
Register x10 changed from 0x2 to 0x1
PC changed from 0x2c to 0x30
CLK : 542
instruction : 0b11111110010111111111000011101111
Executing: jal x1, offset -28
Register x1 changed from 0x44 to 0x34
PC changed from 0x30 to 0x14
CLK : 543
instruction : 0b00000100000001010000001001100011
Executing: beq x10, x0, offset 68
PC changed from 0x14 to 0x18
CLK : 544
instruction : 0b00000000000100000000001010010011
Executing: addi x5, x0, 1
Register x5 changed from 0x1 to 0x1
PC changed from 0x18 to 0x1c
CLK : 545
instruction : 0b00000100010101010000001001100011
Executing: beq x10, x5, offset 68
PC changed from 0x1c to 0x60
CLK : 546
instruction : 0b00000000000100000000010100010011
Executing: addi x10, x0, 1
Register x10 changed from 0x1 to 0x1
PC changed from 0x60 to 0x64
CLK : 547
instruction : 0b00000000000000001000000001100111
Executing: jalr x0, x1, offset 0
PC changed from 0x64 to 0x34
CLK : 548
instruction : 0b00000000101000010010000000100011
Executing: sw x10, 0(x2)
Memory 0x940 changed from 0x1 to 0x1
PC changed from 0x34 to 0x38
CLK : 549
instruction : 0b00000000010000010010010100000011
Executing: lw x10, 4(x2)
Register x10 changed from 0x1 to 0x2
PC changed from 0x38 to 0x3c
CLK : 550
instruction : 0b11111111111001010000010100010011
Executing: addi x10, x10, -2
Register x10 changed from 0x2 to 0x0
PC changed from 0x3c to 0x40
CLK : 551
instruction : 0b11111101010111111111000011101111
Executing: jal x1, offset -44
Register x1 changed from 0x34 to 0x44
PC changed from 0x40 to 0x14
CLK : 552
instruction : 0b00000100000001010000001001100011
Executing: beq x10, x0, offset 68
PC changed from 0x14 to 0x58
CLK : 553
instruction : 0b00000000000000000000010100010011
Executing: addi x10, x0, 0
Register x10 changed from 0x0 to 0x0
PC changed from 0x58 to 0x5c
CLK : 554
instruction : 0b00000000000000001000000001100111
Executing: jalr x0, x1, offset 0
PC changed from 0x5c to 0x44
CLK : 555
instruction : 0b00000000000000010010010110000011
Executing: lw x11, 0(x2)
Register x11 changed from 0x1 to 0x1
PC changed from 0x44 to 0x48
CLK : 556
instruction : 0b00000000101101010000010100110011
Executing: add x10, x10, x11
Register x10 changed from 0x0 to 0x1
PC changed from 0x48 to 0x4c
CLK : 557
instruction : 0b00000000100000010010000010000011
Executing: lw x1, 8(x2)
Register x1 changed from 0x44 to 0x44
PC changed from 0x4c to 0x50
CLK : 558
instruction : 0b00000000110000010000000100010011
Executing: addi x2, x2, 12
Register x2 changed from 0x3ac to 0x3b8
PC changed from 0x50 to 0x54
CLK : 559
instruction : 0b00000000000000001000000001100111
Executing: jalr x0, x1, offset 0
PC changed from 0x54 to 0x44
CLK : 560
instruction : 0b00000000000000010010010110000011
Executing: lw x11, 0(x2)
Register x11 changed from 0x1 to 0x2
PC changed from 0x44 to 0x48
CLK : 561
instruction : 0b00000000101101010000010100110011
Executing: add x10, x10, x11
Register x10 changed from 0x1 to 0x3
PC changed from 0x48 to 0x4c
CLK : 562
instruction : 0b00000000100000010010000010000011
Executing: lw x1, 8(x2)
Register x1 changed from 0x44 to 0x34
PC changed from 0x4c to 0x50
CLK : 563
instruction : 0b00000000110000010000000100010011
Executing: addi x2, x2, 12
Register x2 changed from 0x3b8 to 0x3c4
PC changed from 0x50 to 0x54
CLK : 564
instruction : 0b00000000000000001000000001100111
Executing: jalr x0, x1, offset 0
PC changed from 0x54 to 0x34
CLK : 565
instruction : 0b00000000101000010010000000100011
Executing: sw x10, 0(x2)
Memory 0x964 changed from 0x3 to 0x3
PC changed from 0x34 to 0x38
CLK : 566
instruction : 0b00000000010000010010010100000011
Executing: lw x10, 4(x2)
Register x10 changed from 0x3 to 0x5
PC changed from 0x38 to 0x3c
CLK : 567
instruction : 0b11111111111001010000010100010011
Executing: addi x10, x10, -2
Register x10 changed from 0x5 to 0x3
PC changed from 0x3c to 0x40
CLK : 568
instruction : 0b11111101010111111111000011101111
Executing: jal x1, offset -44
Register x1 changed from 0x34 to 0x44
PC changed from 0x40 to 0x14
CLK : 569
instruction : 0b00000100000001010000001001100011
Executing: beq x10, x0, offset 68
PC changed from 0x14 to 0x18
CLK : 570
instruction : 0b00000000000100000000001010010011
Executing: addi x5, x0, 1
Register x5 changed from 0x1 to 0x1
PC changed from 0x18 to 0x1c
CLK : 571
instruction : 0b00000100010101010000001001100011
Executing: beq x10, x5, offset 68
PC changed from 0x1c to 0x20
CLK : 572
instruction : 0b11111111010000010000000100010011
Executing: addi x2, x2, -12
Register x2 changed from 0x3c4 to 0x3b8
PC changed from 0x20 to 0x24
CLK : 573
instruction : 0b00000000000100010010010000100011
Executing: sw x1, 8(x2)
Memory 0x960 changed from 0x34 to 0x44
PC changed from 0x24 to 0x28
CLK : 574
instruction : 0b00000000101000010010001000100011
Executing: sw x10, 4(x2)
Memory 0x956 changed from 0x4 to 0x3
PC changed from 0x28 to 0x2c
CLK : 575
instruction : 0b11111111111101010000010100010011
Executing: addi x10, x10, -1
Register x10 changed from 0x3 to 0x2
PC changed from 0x2c to 0x30
CLK : 576
instruction : 0b11111110010111111111000011101111
Executing: jal x1, offset -28
Register x1 changed from 0x44 to 0x34
PC changed from 0x30 to 0x14
CLK : 577
instruction : 0b00000100000001010000001001100011
Executing: beq x10, x0, offset 68
PC changed from 0x14 to 0x18
CLK : 578
instruction : 0b00000000000100000000001010010011
Executing: addi x5, x0, 1
Register x5 changed from 0x1 to 0x1
PC changed from 0x18 to 0x1c
CLK : 579
instruction : 0b00000100010101010000001001100011
Executing: beq x10, x5, offset 68
PC changed from 0x1c to 0x20
CLK : 580
instruction : 0b11111111010000010000000100010011
Executing: addi x2, x2, -12
Register x2 changed from 0x3b8 to 0x3ac
PC changed from 0x20 to 0x24
CLK : 581
instruction : 0b00000000000100010010010000100011
Executing: sw x1, 8(x2)
Memory 0x948 changed from 0x44 to 0x34
PC changed from 0x24 to 0x28
CLK : 582
instruction : 0b00000000101000010010001000100011
Executing: sw x10, 4(x2)
Memory 0x944 changed from 0x2 to 0x2
PC changed from 0x28 to 0x2c
CLK : 583
instruction : 0b11111111111101010000010100010011
Executing: addi x10, x10, -1
Register x10 changed from 0x2 to 0x1
PC changed from 0x2c to 0x30
CLK : 584
instruction : 0b11111110010111111111000011101111
Executing: jal x1, offset -28
Register x1 changed from 0x34 to 0x34
PC changed from 0x30 to 0x14
CLK : 585
instruction : 0b00000100000001010000001001100011
Executing: beq x10, x0, offset 68
PC changed from 0x14 to 0x18
CLK : 586
instruction : 0b00000000000100000000001010010011
Executing: addi x5, x0, 1
Register x5 changed from 0x1 to 0x1
PC changed from 0x18 to 0x1c
CLK : 587
instruction : 0b00000100010101010000001001100011
Executing: beq x10, x5, offset 68
PC changed from 0x1c to 0x60
CLK : 588
instruction : 0b00000000000100000000010100010011
Executing: addi x10, x0, 1
Register x10 changed from 0x1 to 0x1
PC changed from 0x60 to 0x64
CLK : 589
instruction : 0b00000000000000001000000001100111
Executing: jalr x0, x1, offset 0
PC changed from 0x64 to 0x34
CLK : 590
instruction : 0b00000000101000010010000000100011
Executing: sw x10, 0(x2)
Memory 0x940 changed from 0x1 to 0x1
PC changed from 0x34 to 0x38
CLK : 591
instruction : 0b00000000010000010010010100000011
Executing: lw x10, 4(x2)
Register x10 changed from 0x1 to 0x2
PC changed from 0x38 to 0x3c
CLK : 592
instruction : 0b11111111111001010000010100010011
Executing: addi x10, x10, -2
Register x10 changed from 0x2 to 0x0
PC changed from 0x3c to 0x40
CLK : 593
instruction : 0b11111101010111111111000011101111
Executing: jal x1, offset -44
Register x1 changed from 0x34 to 0x44
PC changed from 0x40 to 0x14
CLK : 594
instruction : 0b00000100000001010000001001100011
Executing: beq x10, x0, offset 68
PC changed from 0x14 to 0x58
CLK : 595
instruction : 0b00000000000000000000010100010011
Executing: addi x10, x0, 0
Register x10 changed from 0x0 to 0x0
PC changed from 0x58 to 0x5c
CLK : 596
instruction : 0b00000000000000001000000001100111
Executing: jalr x0, x1, offset 0
PC changed from 0x5c to 0x44
CLK : 597
instruction : 0b00000000000000010010010110000011
Executing: lw x11, 0(x2)
Register x11 changed from 0x2 to 0x1
PC changed from 0x44 to 0x48
CLK : 598
instruction : 0b00000000101101010000010100110011
Executing: add x10, x10, x11
Register x10 changed from 0x0 to 0x1
PC changed from 0x48 to 0x4c
CLK : 599
instruction : 0b00000000100000010010000010000011
Executing: lw x1, 8(x2)
Register x1 changed from 0x44 to 0x34
PC changed from 0x4c to 0x50
CLK : 600
instruction : 0b00000000110000010000000100010011
Executing: addi x2, x2, 12
Register x2 changed from 0x3ac to 0x3b8
PC changed from 0x50 to 0x54
CLK : 601
instruction : 0b00000000000000001000000001100111
Executing: jalr x0, x1, offset 0
PC changed from 0x54 to 0x34
CLK : 602
instruction : 0b00000000101000010010000000100011
Executing: sw x10, 0(x2)
Memory 0x952 changed from 0x2 to 0x1
PC changed from 0x34 to 0x38
CLK : 603
instruction : 0b00000000010000010010010100000011
Executing: lw x10, 4(x2)
Register x10 changed from 0x1 to 0x3
PC changed from 0x38 to 0x3c
CLK : 604
instruction : 0b11111111111001010000010100010011
Executing: addi x10, x10, -2
Register x10 changed from 0x3 to 0x1
PC changed from 0x3c to 0x40
CLK : 605
instruction : 0b11111101010111111111000011101111
Executing: jal x1, offset -44
Register x1 changed from 0x34 to 0x44
PC changed from 0x40 to 0x14
CLK : 606
instruction : 0b00000100000001010000001001100011
Executing: beq x10, x0, offset 68
PC changed from 0x14 to 0x18
CLK : 607
instruction : 0b00000000000100000000001010010011
Executing: addi x5, x0, 1
Register x5 changed from 0x1 to 0x1
PC changed from 0x18 to 0x1c
CLK : 608
instruction : 0b00000100010101010000001001100011
Executing: beq x10, x5, offset 68
PC changed from 0x1c to 0x60
CLK : 609
instruction : 0b00000000000100000000010100010011
Executing: addi x10, x0, 1
Register x10 changed from 0x1 to 0x1
PC changed from 0x60 to 0x64
CLK : 610
instruction : 0b00000000000000001000000001100111
Executing: jalr x0, x1, offset 0
PC changed from 0x64 to 0x44
CLK : 611
instruction : 0b00000000000000010010010110000011
Executing: lw x11, 0(x2)
Register x11 changed from 0x1 to 0x1
PC changed from 0x44 to 0x48
CLK : 612
instruction : 0b00000000101101010000010100110011
Executing: add x10, x10, x11
Register x10 changed from 0x1 to 0x2
PC changed from 0x48 to 0x4c
CLK : 613
instruction : 0b00000000100000010010000010000011
Executing: lw x1, 8(x2)
Register x1 changed from 0x44 to 0x44
PC changed from 0x4c to 0x50
CLK : 614
instruction : 0b00000000110000010000000100010011
Executing: addi x2, x2, 12
Register x2 changed from 0x3b8 to 0x3c4
PC changed from 0x50 to 0x54
CLK : 615
instruction : 0b00000000000000001000000001100111
Executing: jalr x0, x1, offset 0
PC changed from 0x54 to 0x44
CLK : 616
instruction : 0b00000000000000010010010110000011
Executing: lw x11, 0(x2)
Register x11 changed from 0x1 to 0x3
PC changed from 0x44 to 0x48
CLK : 617
instruction : 0b00000000101101010000010100110011
Executing: add x10, x10, x11
Register x10 changed from 0x2 to 0x5
PC changed from 0x48 to 0x4c
CLK : 618
instruction : 0b00000000100000010010000010000011
Executing: lw x1, 8(x2)
Register x1 changed from 0x44 to 0x34
PC changed from 0x4c to 0x50
CLK : 619
instruction : 0b00000000110000010000000100010011
Executing: addi x2, x2, 12
Register x2 changed from 0x3c4 to 0x3d0
PC changed from 0x50 to 0x54
CLK : 620
instruction : 0b00000000000000001000000001100111
Executing: jalr x0, x1, offset 0
PC changed from 0x54 to 0x34
CLK : 621
instruction : 0b00000000101000010010000000100011
Executing: sw x10, 0(x2)
Memory 0x976 changed from 0x8 to 0x5
PC changed from 0x34 to 0x38
CLK : 622
instruction : 0b00000000010000010010010100000011
Executing: lw x10, 4(x2)
Register x10 changed from 0x5 to 0x6
PC changed from 0x38 to 0x3c
CLK : 623
instruction : 0b11111111111001010000010100010011
Executing: addi x10, x10, -2
Register x10 changed from 0x6 to 0x4
PC changed from 0x3c to 0x40
CLK : 624
instruction : 0b11111101010111111111000011101111
Executing: jal x1, offset -44
Register x1 changed from 0x34 to 0x44
PC changed from 0x40 to 0x14
CLK : 625
instruction : 0b00000100000001010000001001100011
Executing: beq x10, x0, offset 68
PC changed from 0x14 to 0x18
CLK : 626
instruction : 0b00000000000100000000001010010011
Executing: addi x5, x0, 1
Register x5 changed from 0x1 to 0x1
PC changed from 0x18 to 0x1c
CLK : 627
instruction : 0b00000100010101010000001001100011
Executing: beq x10, x5, offset 68
PC changed from 0x1c to 0x20
CLK : 628
instruction : 0b11111111010000010000000100010011
Executing: addi x2, x2, -12
Register x2 changed from 0x3d0 to 0x3c4
PC changed from 0x20 to 0x24
CLK : 629
instruction : 0b00000000000100010010010000100011
Executing: sw x1, 8(x2)
Memory 0x972 changed from 0x34 to 0x44
PC changed from 0x24 to 0x28
CLK : 630
instruction : 0b00000000101000010010001000100011
Executing: sw x10, 4(x2)
Memory 0x968 changed from 0x5 to 0x4
PC changed from 0x28 to 0x2c
CLK : 631
instruction : 0b11111111111101010000010100010011
Executing: addi x10, x10, -1
Register x10 changed from 0x4 to 0x3
PC changed from 0x2c to 0x30
CLK : 632
instruction : 0b11111110010111111111000011101111
Executing: jal x1, offset -28
Register x1 changed from 0x44 to 0x34
PC changed from 0x30 to 0x14
CLK : 633
instruction : 0b00000100000001010000001001100011
Executing: beq x10, x0, offset 68
PC changed from 0x14 to 0x18
CLK : 634
instruction : 0b00000000000100000000001010010011
Executing: addi x5, x0, 1
Register x5 changed from 0x1 to 0x1
PC changed from 0x18 to 0x1c
CLK : 635
instruction : 0b00000100010101010000001001100011
Executing: beq x10, x5, offset 68
PC changed from 0x1c to 0x20
CLK : 636
instruction : 0b11111111010000010000000100010011
Executing: addi x2, x2, -12
Register x2 changed from 0x3c4 to 0x3b8
PC changed from 0x20 to 0x24
CLK : 637
instruction : 0b00000000000100010010010000100011
Executing: sw x1, 8(x2)
Memory 0x960 changed from 0x44 to 0x34
PC changed from 0x24 to 0x28
CLK : 638
instruction : 0b00000000101000010010001000100011
Executing: sw x10, 4(x2)
Memory 0x956 changed from 0x3 to 0x3
PC changed from 0x28 to 0x2c
CLK : 639
instruction : 0b11111111111101010000010100010011
Executing: addi x10, x10, -1
Register x10 changed from 0x3 to 0x2
PC changed from 0x2c to 0x30
CLK : 640
instruction : 0b11111110010111111111000011101111
Executing: jal x1, offset -28
Register x1 changed from 0x34 to 0x34
PC changed from 0x30 to 0x14
CLK : 641
instruction : 0b00000100000001010000001001100011
Executing: beq x10, x0, offset 68
PC changed from 0x14 to 0x18
CLK : 642
instruction : 0b00000000000100000000001010010011
Executing: addi x5, x0, 1
Register x5 changed from 0x1 to 0x1
PC changed from 0x18 to 0x1c
CLK : 643
instruction : 0b00000100010101010000001001100011
Executing: beq x10, x5, offset 68
PC changed from 0x1c to 0x20
CLK : 644
instruction : 0b11111111010000010000000100010011
Executing: addi x2, x2, -12
Register x2 changed from 0x3b8 to 0x3ac
PC changed from 0x20 to 0x24
CLK : 645
instruction : 0b00000000000100010010010000100011
Executing: sw x1, 8(x2)
Memory 0x948 changed from 0x34 to 0x34
PC changed from 0x24 to 0x28
CLK : 646
instruction : 0b00000000101000010010001000100011
Executing: sw x10, 4(x2)
Memory 0x944 changed from 0x2 to 0x2
PC changed from 0x28 to 0x2c
CLK : 647
instruction : 0b11111111111101010000010100010011
Executing: addi x10, x10, -1
Register x10 changed from 0x2 to 0x1
PC changed from 0x2c to 0x30
CLK : 648
instruction : 0b11111110010111111111000011101111
Executing: jal x1, offset -28
Register x1 changed from 0x34 to 0x34
PC changed from 0x30 to 0x14
CLK : 649
instruction : 0b00000100000001010000001001100011
Executing: beq x10, x0, offset 68
PC changed from 0x14 to 0x18
CLK : 650
instruction : 0b00000000000100000000001010010011
Executing: addi x5, x0, 1
Register x5 changed from 0x1 to 0x1
PC changed from 0x18 to 0x1c
CLK : 651
instruction : 0b00000100010101010000001001100011
Executing: beq x10, x5, offset 68
PC changed from 0x1c to 0x60
CLK : 652
instruction : 0b00000000000100000000010100010011
Executing: addi x10, x0, 1
Register x10 changed from 0x1 to 0x1
PC changed from 0x60 to 0x64
CLK : 653
instruction : 0b00000000000000001000000001100111
Executing: jalr x0, x1, offset 0
PC changed from 0x64 to 0x34
CLK : 654
instruction : 0b00000000101000010010000000100011
Executing: sw x10, 0(x2)
Memory 0x940 changed from 0x1 to 0x1
PC changed from 0x34 to 0x38
CLK : 655
instruction : 0b00000000010000010010010100000011
Executing: lw x10, 4(x2)
Register x10 changed from 0x1 to 0x2
PC changed from 0x38 to 0x3c
CLK : 656
instruction : 0b11111111111001010000010100010011
Executing: addi x10, x10, -2
Register x10 changed from 0x2 to 0x0
PC changed from 0x3c to 0x40
CLK : 657
instruction : 0b11111101010111111111000011101111
Executing: jal x1, offset -44
Register x1 changed from 0x34 to 0x44
PC changed from 0x40 to 0x14
CLK : 658
instruction : 0b00000100000001010000001001100011
Executing: beq x10, x0, offset 68
PC changed from 0x14 to 0x58
CLK : 659
instruction : 0b00000000000000000000010100010011
Executing: addi x10, x0, 0
Register x10 changed from 0x0 to 0x0
PC changed from 0x58 to 0x5c
CLK : 660
instruction : 0b00000000000000001000000001100111
Executing: jalr x0, x1, offset 0
PC changed from 0x5c to 0x44
CLK : 661
instruction : 0b00000000000000010010010110000011
Executing: lw x11, 0(x2)
Register x11 changed from 0x3 to 0x1
PC changed from 0x44 to 0x48
CLK : 662
instruction : 0b00000000101101010000010100110011
Executing: add x10, x10, x11
Register x10 changed from 0x0 to 0x1
PC changed from 0x48 to 0x4c
CLK : 663
instruction : 0b00000000100000010010000010000011
Executing: lw x1, 8(x2)
Register x1 changed from 0x44 to 0x34
PC changed from 0x4c to 0x50
CLK : 664
instruction : 0b00000000110000010000000100010011
Executing: addi x2, x2, 12
Register x2 changed from 0x3ac to 0x3b8
PC changed from 0x50 to 0x54
CLK : 665
instruction : 0b00000000000000001000000001100111
Executing: jalr x0, x1, offset 0
PC changed from 0x54 to 0x34
CLK : 666
instruction : 0b00000000101000010010000000100011
Executing: sw x10, 0(x2)
Memory 0x952 changed from 0x1 to 0x1
PC changed from 0x34 to 0x38
CLK : 667
instruction : 0b00000000010000010010010100000011
Executing: lw x10, 4(x2)
Register x10 changed from 0x1 to 0x3
PC changed from 0x38 to 0x3c
CLK : 668
instruction : 0b11111111111001010000010100010011
Executing: addi x10, x10, -2
Register x10 changed from 0x3 to 0x1
PC changed from 0x3c to 0x40
CLK : 669
instruction : 0b11111101010111111111000011101111
Executing: jal x1, offset -44
Register x1 changed from 0x34 to 0x44
PC changed from 0x40 to 0x14
CLK : 670
instruction : 0b00000100000001010000001001100011
Executing: beq x10, x0, offset 68
PC changed from 0x14 to 0x18
CLK : 671
instruction : 0b00000000000100000000001010010011
Executing: addi x5, x0, 1
Register x5 changed from 0x1 to 0x1
PC changed from 0x18 to 0x1c
CLK : 672
instruction : 0b00000100010101010000001001100011
Executing: beq x10, x5, offset 68
PC changed from 0x1c to 0x60
CLK : 673
instruction : 0b00000000000100000000010100010011
Executing: addi x10, x0, 1
Register x10 changed from 0x1 to 0x1
PC changed from 0x60 to 0x64
CLK : 674
instruction : 0b00000000000000001000000001100111
Executing: jalr x0, x1, offset 0
PC changed from 0x64 to 0x44
CLK : 675
instruction : 0b00000000000000010010010110000011
Executing: lw x11, 0(x2)
Register x11 changed from 0x1 to 0x1
PC changed from 0x44 to 0x48
CLK : 676
instruction : 0b00000000101101010000010100110011
Executing: add x10, x10, x11
Register x10 changed from 0x1 to 0x2
PC changed from 0x48 to 0x4c
CLK : 677
instruction : 0b00000000100000010010000010000011
Executing: lw x1, 8(x2)
Register x1 changed from 0x44 to 0x34
PC changed from 0x4c to 0x50
CLK : 678
instruction : 0b00000000110000010000000100010011
Executing: addi x2, x2, 12
Register x2 changed from 0x3b8 to 0x3c4
PC changed from 0x50 to 0x54
CLK : 679
instruction : 0b00000000000000001000000001100111
Executing: jalr x0, x1, offset 0
PC changed from 0x54 to 0x34
CLK : 680
instruction : 0b00000000101000010010000000100011
Executing: sw x10, 0(x2)
Memory 0x964 changed from 0x3 to 0x2
PC changed from 0x34 to 0x38
CLK : 681
instruction : 0b00000000010000010010010100000011
Executing: lw x10, 4(x2)
Register x10 changed from 0x2 to 0x4
PC changed from 0x38 to 0x3c
CLK : 682
instruction : 0b11111111111001010000010100010011
Executing: addi x10, x10, -2
Register x10 changed from 0x4 to 0x2
PC changed from 0x3c to 0x40
CLK : 683
instruction : 0b11111101010111111111000011101111
Executing: jal x1, offset -44
Register x1 changed from 0x34 to 0x44
PC changed from 0x40 to 0x14
CLK : 684
instruction : 0b00000100000001010000001001100011
Executing: beq x10, x0, offset 68
PC changed from 0x14 to 0x18
CLK : 685
instruction : 0b00000000000100000000001010010011
Executing: addi x5, x0, 1
Register x5 changed from 0x1 to 0x1
PC changed from 0x18 to 0x1c
CLK : 686
instruction : 0b00000100010101010000001001100011
Executing: beq x10, x5, offset 68
PC changed from 0x1c to 0x20
CLK : 687
instruction : 0b11111111010000010000000100010011
Executing: addi x2, x2, -12
Register x2 changed from 0x3c4 to 0x3b8
PC changed from 0x20 to 0x24
CLK : 688
instruction : 0b00000000000100010010010000100011
Executing: sw x1, 8(x2)
Memory 0x960 changed from 0x34 to 0x44
PC changed from 0x24 to 0x28
CLK : 689
instruction : 0b00000000101000010010001000100011
Executing: sw x10, 4(x2)
Memory 0x956 changed from 0x3 to 0x2
PC changed from 0x28 to 0x2c
CLK : 690
instruction : 0b11111111111101010000010100010011
Executing: addi x10, x10, -1
Register x10 changed from 0x2 to 0x1
PC changed from 0x2c to 0x30
CLK : 691
instruction : 0b11111110010111111111000011101111
Executing: jal x1, offset -28
Register x1 changed from 0x44 to 0x34
PC changed from 0x30 to 0x14
CLK : 692
instruction : 0b00000100000001010000001001100011
Executing: beq x10, x0, offset 68
PC changed from 0x14 to 0x18
CLK : 693
instruction : 0b00000000000100000000001010010011
Executing: addi x5, x0, 1
Register x5 changed from 0x1 to 0x1
PC changed from 0x18 to 0x1c
CLK : 694
instruction : 0b00000100010101010000001001100011
Executing: beq x10, x5, offset 68
PC changed from 0x1c to 0x60
CLK : 695
instruction : 0b00000000000100000000010100010011
Executing: addi x10, x0, 1
Register x10 changed from 0x1 to 0x1
PC changed from 0x60 to 0x64
CLK : 696
instruction : 0b00000000000000001000000001100111
Executing: jalr x0, x1, offset 0
PC changed from 0x64 to 0x34
CLK : 697
instruction : 0b00000000101000010010000000100011
Executing: sw x10, 0(x2)
Memory 0x952 changed from 0x1 to 0x1
PC changed from 0x34 to 0x38
CLK : 698
instruction : 0b00000000010000010010010100000011
Executing: lw x10, 4(x2)
Register x10 changed from 0x1 to 0x2
PC changed from 0x38 to 0x3c
CLK : 699
instruction : 0b11111111111001010000010100010011
Executing: addi x10, x10, -2
Register x10 changed from 0x2 to 0x0
PC changed from 0x3c to 0x40
CLK : 700
instruction : 0b11111101010111111111000011101111
Executing: jal x1, offset -44
Register x1 changed from 0x34 to 0x44
PC changed from 0x40 to 0x14
CLK : 701
instruction : 0b00000100000001010000001001100011
Executing: beq x10, x0, offset 68
PC changed from 0x14 to 0x58
CLK : 702
instruction : 0b00000000000000000000010100010011
Executing: addi x10, x0, 0
Register x10 changed from 0x0 to 0x0
PC changed from 0x58 to 0x5c
CLK : 703
instruction : 0b00000000000000001000000001100111
Executing: jalr x0, x1, offset 0
PC changed from 0x5c to 0x44
CLK : 704
instruction : 0b00000000000000010010010110000011
Executing: lw x11, 0(x2)
Register x11 changed from 0x1 to 0x1
PC changed from 0x44 to 0x48
CLK : 705
instruction : 0b00000000101101010000010100110011
Executing: add x10, x10, x11
Register x10 changed from 0x0 to 0x1
PC changed from 0x48 to 0x4c
CLK : 706
instruction : 0b00000000100000010010000010000011
Executing: lw x1, 8(x2)
Register x1 changed from 0x44 to 0x44
PC changed from 0x4c to 0x50
CLK : 707
instruction : 0b00000000110000010000000100010011
Executing: addi x2, x2, 12
Register x2 changed from 0x3b8 to 0x3c4
PC changed from 0x50 to 0x54
CLK : 708
instruction : 0b00000000000000001000000001100111
Executing: jalr x0, x1, offset 0
PC changed from 0x54 to 0x44
CLK : 709
instruction : 0b00000000000000010010010110000011
Executing: lw x11, 0(x2)
Register x11 changed from 0x1 to 0x2
PC changed from 0x44 to 0x48
CLK : 710
instruction : 0b00000000101101010000010100110011
Executing: add x10, x10, x11
Register x10 changed from 0x1 to 0x3
PC changed from 0x48 to 0x4c
CLK : 711
instruction : 0b00000000100000010010000010000011
Executing: lw x1, 8(x2)
Register x1 changed from 0x44 to 0x44
PC changed from 0x4c to 0x50
CLK : 712
instruction : 0b00000000110000010000000100010011
Executing: addi x2, x2, 12
Register x2 changed from 0x3c4 to 0x3d0
PC changed from 0x50 to 0x54
CLK : 713
instruction : 0b00000000000000001000000001100111
Executing: jalr x0, x1, offset 0
PC changed from 0x54 to 0x44
CLK : 714
instruction : 0b00000000000000010010010110000011
Executing: lw x11, 0(x2)
Register x11 changed from 0x2 to 0x5
PC changed from 0x44 to 0x48
CLK : 715
instruction : 0b00000000101101010000010100110011
Executing: add x10, x10, x11
Register x10 changed from 0x3 to 0x8
PC changed from 0x48 to 0x4c
CLK : 716
instruction : 0b00000000100000010010000010000011
Executing: lw x1, 8(x2)
Register x1 changed from 0x44 to 0x44
PC changed from 0x4c to 0x50
CLK : 717
instruction : 0b00000000110000010000000100010011
Executing: addi x2, x2, 12
Register x2 changed from 0x3d0 to 0x3dc
PC changed from 0x50 to 0x54
CLK : 718
instruction : 0b00000000000000001000000001100111
Executing: jalr x0, x1, offset 0
PC changed from 0x54 to 0x44
CLK : 719
instruction : 0b00000000000000010010010110000011
Executing: lw x11, 0(x2)
Register x11 changed from 0x5 to 0xd
PC changed from 0x44 to 0x48
CLK : 720
instruction : 0b00000000101101010000010100110011
Executing: add x10, x10, x11
Register x10 changed from 0x8 to 0x15
PC changed from 0x48 to 0x4c
CLK : 721
instruction : 0b00000000100000010010000010000011
Executing: lw x1, 8(x2)
Register x1 changed from 0x44 to 0x34
PC changed from 0x4c to 0x50
CLK : 722
instruction : 0b00000000110000010000000100010011
Executing: addi x2, x2, 12
Register x2 changed from 0x3dc to 0x3e8
PC changed from 0x50 to 0x54
CLK : 723
instruction : 0b00000000000000001000000001100111
Executing: jalr x0, x1, offset 0
PC changed from 0x54 to 0x34
CLK : 724
instruction : 0b00000000101000010010000000100011
Executing: sw x10, 0(x2)
Memory 0x1000 changed from 0x0 to 0x15
PC changed from 0x34 to 0x38
CLK : 725
instruction : 0b00000000010000010010010100000011
Executing: lw x10, 4(x2)
Register x10 changed from 0x15 to 0x9
PC changed from 0x38 to 0x3c
CLK : 726
instruction : 0b11111111111001010000010100010011
Executing: addi x10, x10, -2
Register x10 changed from 0x9 to 0x7
PC changed from 0x3c to 0x40
CLK : 727
instruction : 0b11111101010111111111000011101111
Executing: jal x1, offset -44
Register x1 changed from 0x34 to 0x44
PC changed from 0x40 to 0x14
CLK : 728
instruction : 0b00000100000001010000001001100011
Executing: beq x10, x0, offset 68
PC changed from 0x14 to 0x18
CLK : 729
instruction : 0b00000000000100000000001010010011
Executing: addi x5, x0, 1
Register x5 changed from 0x1 to 0x1
PC changed from 0x18 to 0x1c
CLK : 730
instruction : 0b00000100010101010000001001100011
Executing: beq x10, x5, offset 68
PC changed from 0x1c to 0x20
CLK : 731
instruction : 0b11111111010000010000000100010011
Executing: addi x2, x2, -12
Register x2 changed from 0x3e8 to 0x3dc
PC changed from 0x20 to 0x24
CLK : 732
instruction : 0b00000000000100010010010000100011
Executing: sw x1, 8(x2)
Memory 0x996 changed from 0x34 to 0x44
PC changed from 0x24 to 0x28
CLK : 733
instruction : 0b00000000101000010010001000100011
Executing: sw x10, 4(x2)
Memory 0x992 changed from 0x8 to 0x7
PC changed from 0x28 to 0x2c
CLK : 734
instruction : 0b11111111111101010000010100010011
Executing: addi x10, x10, -1
Register x10 changed from 0x7 to 0x6
PC changed from 0x2c to 0x30
CLK : 735
instruction : 0b11111110010111111111000011101111
Executing: jal x1, offset -28
Register x1 changed from 0x44 to 0x34
PC changed from 0x30 to 0x14
CLK : 736
instruction : 0b00000100000001010000001001100011
Executing: beq x10, x0, offset 68
PC changed from 0x14 to 0x18
CLK : 737
instruction : 0b00000000000100000000001010010011
Executing: addi x5, x0, 1
Register x5 changed from 0x1 to 0x1
PC changed from 0x18 to 0x1c
CLK : 738
instruction : 0b00000100010101010000001001100011
Executing: beq x10, x5, offset 68
PC changed from 0x1c to 0x20
CLK : 739
instruction : 0b11111111010000010000000100010011
Executing: addi x2, x2, -12
Register x2 changed from 0x3dc to 0x3d0
PC changed from 0x20 to 0x24
CLK : 740
instruction : 0b00000000000100010010010000100011
Executing: sw x1, 8(x2)
Memory 0x984 changed from 0x44 to 0x34
PC changed from 0x24 to 0x28
CLK : 741
instruction : 0b00000000101000010010001000100011
Executing: sw x10, 4(x2)
Memory 0x980 changed from 0x6 to 0x6
PC changed from 0x28 to 0x2c
CLK : 742
instruction : 0b11111111111101010000010100010011
Executing: addi x10, x10, -1
Register x10 changed from 0x6 to 0x5
PC changed from 0x2c to 0x30
CLK : 743
instruction : 0b11111110010111111111000011101111
Executing: jal x1, offset -28
Register x1 changed from 0x34 to 0x34
PC changed from 0x30 to 0x14
CLK : 744
instruction : 0b00000100000001010000001001100011
Executing: beq x10, x0, offset 68
PC changed from 0x14 to 0x18
CLK : 745
instruction : 0b00000000000100000000001010010011
Executing: addi x5, x0, 1
Register x5 changed from 0x1 to 0x1
PC changed from 0x18 to 0x1c
CLK : 746
instruction : 0b00000100010101010000001001100011
Executing: beq x10, x5, offset 68
PC changed from 0x1c to 0x20
CLK : 747
instruction : 0b11111111010000010000000100010011
Executing: addi x2, x2, -12
Register x2 changed from 0x3d0 to 0x3c4
PC changed from 0x20 to 0x24
CLK : 748
instruction : 0b00000000000100010010010000100011
Executing: sw x1, 8(x2)
Memory 0x972 changed from 0x44 to 0x34
PC changed from 0x24 to 0x28
CLK : 749
instruction : 0b00000000101000010010001000100011
Executing: sw x10, 4(x2)
Memory 0x968 changed from 0x4 to 0x5
PC changed from 0x28 to 0x2c
CLK : 750
instruction : 0b11111111111101010000010100010011
Executing: addi x10, x10, -1
Register x10 changed from 0x5 to 0x4
PC changed from 0x2c to 0x30
CLK : 751
instruction : 0b11111110010111111111000011101111
Executing: jal x1, offset -28
Register x1 changed from 0x34 to 0x34
PC changed from 0x30 to 0x14
CLK : 752
instruction : 0b00000100000001010000001001100011
Executing: beq x10, x0, offset 68
PC changed from 0x14 to 0x18
CLK : 753
instruction : 0b00000000000100000000001010010011
Executing: addi x5, x0, 1
Register x5 changed from 0x1 to 0x1
PC changed from 0x18 to 0x1c
CLK : 754
instruction : 0b00000100010101010000001001100011
Executing: beq x10, x5, offset 68
PC changed from 0x1c to 0x20
CLK : 755
instruction : 0b11111111010000010000000100010011
Executing: addi x2, x2, -12
Register x2 changed from 0x3c4 to 0x3b8
PC changed from 0x20 to 0x24
CLK : 756
instruction : 0b00000000000100010010010000100011
Executing: sw x1, 8(x2)
Memory 0x960 changed from 0x44 to 0x34
PC changed from 0x24 to 0x28
CLK : 757
instruction : 0b00000000101000010010001000100011
Executing: sw x10, 4(x2)
Memory 0x956 changed from 0x2 to 0x4
PC changed from 0x28 to 0x2c
CLK : 758
instruction : 0b11111111111101010000010100010011
Executing: addi x10, x10, -1
Register x10 changed from 0x4 to 0x3
PC changed from 0x2c to 0x30
CLK : 759
instruction : 0b11111110010111111111000011101111
Executing: jal x1, offset -28
Register x1 changed from 0x34 to 0x34
PC changed from 0x30 to 0x14
CLK : 760
instruction : 0b00000100000001010000001001100011
Executing: beq x10, x0, offset 68
PC changed from 0x14 to 0x18
CLK : 761
instruction : 0b00000000000100000000001010010011
Executing: addi x5, x0, 1
Register x5 changed from 0x1 to 0x1
PC changed from 0x18 to 0x1c
CLK : 762
instruction : 0b00000100010101010000001001100011
Executing: beq x10, x5, offset 68
PC changed from 0x1c to 0x20
CLK : 763
instruction : 0b11111111010000010000000100010011
Executing: addi x2, x2, -12
Register x2 changed from 0x3b8 to 0x3ac
PC changed from 0x20 to 0x24
CLK : 764
instruction : 0b00000000000100010010010000100011
Executing: sw x1, 8(x2)
Memory 0x948 changed from 0x34 to 0x34
PC changed from 0x24 to 0x28
CLK : 765
instruction : 0b00000000101000010010001000100011
Executing: sw x10, 4(x2)
Memory 0x944 changed from 0x2 to 0x3
PC changed from 0x28 to 0x2c
CLK : 766
instruction : 0b11111111111101010000010100010011
Executing: addi x10, x10, -1
Register x10 changed from 0x3 to 0x2
PC changed from 0x2c to 0x30
CLK : 767
instruction : 0b11111110010111111111000011101111
Executing: jal x1, offset -28
Register x1 changed from 0x34 to 0x34
PC changed from 0x30 to 0x14
CLK : 768
instruction : 0b00000100000001010000001001100011
Executing: beq x10, x0, offset 68
PC changed from 0x14 to 0x18
CLK : 769
instruction : 0b00000000000100000000001010010011
Executing: addi x5, x0, 1
Register x5 changed from 0x1 to 0x1
PC changed from 0x18 to 0x1c
CLK : 770
instruction : 0b00000100010101010000001001100011
Executing: beq x10, x5, offset 68
PC changed from 0x1c to 0x20
CLK : 771
instruction : 0b11111111010000010000000100010011
Executing: addi x2, x2, -12
Register x2 changed from 0x3ac to 0x3a0
PC changed from 0x20 to 0x24
CLK : 772
instruction : 0b00000000000100010010010000100011
Executing: sw x1, 8(x2)
Memory 0x936 changed from 0x34 to 0x34
PC changed from 0x24 to 0x28
CLK : 773
instruction : 0b00000000101000010010001000100011
Executing: sw x10, 4(x2)
Memory 0x932 changed from 0x2 to 0x2
PC changed from 0x28 to 0x2c
CLK : 774
instruction : 0b11111111111101010000010100010011
Executing: addi x10, x10, -1
Register x10 changed from 0x2 to 0x1
PC changed from 0x2c to 0x30
CLK : 775
instruction : 0b11111110010111111111000011101111
Executing: jal x1, offset -28
Register x1 changed from 0x34 to 0x34
PC changed from 0x30 to 0x14
CLK : 776
instruction : 0b00000100000001010000001001100011
Executing: beq x10, x0, offset 68
PC changed from 0x14 to 0x18
CLK : 777
instruction : 0b00000000000100000000001010010011
Executing: addi x5, x0, 1
Register x5 changed from 0x1 to 0x1
PC changed from 0x18 to 0x1c
CLK : 778
instruction : 0b00000100010101010000001001100011
Executing: beq x10, x5, offset 68
PC changed from 0x1c to 0x60
CLK : 779
instruction : 0b00000000000100000000010100010011
Executing: addi x10, x0, 1
Register x10 changed from 0x1 to 0x1
PC changed from 0x60 to 0x64
CLK : 780
instruction : 0b00000000000000001000000001100111
Executing: jalr x0, x1, offset 0
PC changed from 0x64 to 0x34
CLK : 781
instruction : 0b00000000101000010010000000100011
Executing: sw x10, 0(x2)
Memory 0x928 changed from 0x1 to 0x1
PC changed from 0x34 to 0x38
CLK : 782
instruction : 0b00000000010000010010010100000011
Executing: lw x10, 4(x2)
Register x10 changed from 0x1 to 0x2
PC changed from 0x38 to 0x3c
CLK : 783
instruction : 0b11111111111001010000010100010011
Executing: addi x10, x10, -2
Register x10 changed from 0x2 to 0x0
PC changed from 0x3c to 0x40
CLK : 784
instruction : 0b11111101010111111111000011101111
Executing: jal x1, offset -44
Register x1 changed from 0x34 to 0x44
PC changed from 0x40 to 0x14
CLK : 785
instruction : 0b00000100000001010000001001100011
Executing: beq x10, x0, offset 68
PC changed from 0x14 to 0x58
CLK : 786
instruction : 0b00000000000000000000010100010011
Executing: addi x10, x0, 0
Register x10 changed from 0x0 to 0x0
PC changed from 0x58 to 0x5c
CLK : 787
instruction : 0b00000000000000001000000001100111
Executing: jalr x0, x1, offset 0
PC changed from 0x5c to 0x44
CLK : 788
instruction : 0b00000000000000010010010110000011
Executing: lw x11, 0(x2)
Register x11 changed from 0xd to 0x1
PC changed from 0x44 to 0x48
CLK : 789
instruction : 0b00000000101101010000010100110011
Executing: add x10, x10, x11
Register x10 changed from 0x0 to 0x1
PC changed from 0x48 to 0x4c
CLK : 790
instruction : 0b00000000100000010010000010000011
Executing: lw x1, 8(x2)
Register x1 changed from 0x44 to 0x34
PC changed from 0x4c to 0x50
CLK : 791
instruction : 0b00000000110000010000000100010011
Executing: addi x2, x2, 12
Register x2 changed from 0x3a0 to 0x3ac
PC changed from 0x50 to 0x54
CLK : 792
instruction : 0b00000000000000001000000001100111
Executing: jalr x0, x1, offset 0
PC changed from 0x54 to 0x34
CLK : 793
instruction : 0b00000000101000010010000000100011
Executing: sw x10, 0(x2)
Memory 0x940 changed from 0x1 to 0x1
PC changed from 0x34 to 0x38
CLK : 794
instruction : 0b00000000010000010010010100000011
Executing: lw x10, 4(x2)
Register x10 changed from 0x1 to 0x3
PC changed from 0x38 to 0x3c
CLK : 795
instruction : 0b11111111111001010000010100010011
Executing: addi x10, x10, -2
Register x10 changed from 0x3 to 0x1
PC changed from 0x3c to 0x40
CLK : 796
instruction : 0b11111101010111111111000011101111
Executing: jal x1, offset -44
Register x1 changed from 0x34 to 0x44
PC changed from 0x40 to 0x14
CLK : 797
instruction : 0b00000100000001010000001001100011
Executing: beq x10, x0, offset 68
PC changed from 0x14 to 0x18
CLK : 798
instruction : 0b00000000000100000000001010010011
Executing: addi x5, x0, 1
Register x5 changed from 0x1 to 0x1
PC changed from 0x18 to 0x1c
CLK : 799
instruction : 0b00000100010101010000001001100011
Executing: beq x10, x5, offset 68
PC changed from 0x1c to 0x60
CLK : 800
instruction : 0b00000000000100000000010100010011
Executing: addi x10, x0, 1
Register x10 changed from 0x1 to 0x1
PC changed from 0x60 to 0x64
CLK : 801
instruction : 0b00000000000000001000000001100111
Executing: jalr x0, x1, offset 0
PC changed from 0x64 to 0x44
CLK : 802
instruction : 0b00000000000000010010010110000011
Executing: lw x11, 0(x2)
Register x11 changed from 0x1 to 0x1
PC changed from 0x44 to 0x48
CLK : 803
instruction : 0b00000000101101010000010100110011
Executing: add x10, x10, x11
Register x10 changed from 0x1 to 0x2
PC changed from 0x48 to 0x4c
CLK : 804
instruction : 0b00000000100000010010000010000011
Executing: lw x1, 8(x2)
Register x1 changed from 0x44 to 0x34
PC changed from 0x4c to 0x50
CLK : 805
instruction : 0b00000000110000010000000100010011
Executing: addi x2, x2, 12
Register x2 changed from 0x3ac to 0x3b8
PC changed from 0x50 to 0x54
CLK : 806
instruction : 0b00000000000000001000000001100111
Executing: jalr x0, x1, offset 0
PC changed from 0x54 to 0x34
CLK : 807
instruction : 0b00000000101000010010000000100011
Executing: sw x10, 0(x2)
Memory 0x952 changed from 0x1 to 0x2
PC changed from 0x34 to 0x38
CLK : 808
instruction : 0b00000000010000010010010100000011
Executing: lw x10, 4(x2)
Register x10 changed from 0x2 to 0x4
PC changed from 0x38 to 0x3c
CLK : 809
instruction : 0b11111111111001010000010100010011
Executing: addi x10, x10, -2
Register x10 changed from 0x4 to 0x2
PC changed from 0x3c to 0x40
CLK : 810
instruction : 0b11111101010111111111000011101111
Executing: jal x1, offset -44
Register x1 changed from 0x34 to 0x44
PC changed from 0x40 to 0x14
CLK : 811
instruction : 0b00000100000001010000001001100011
Executing: beq x10, x0, offset 68
PC changed from 0x14 to 0x18
CLK : 812
instruction : 0b00000000000100000000001010010011
Executing: addi x5, x0, 1
Register x5 changed from 0x1 to 0x1
PC changed from 0x18 to 0x1c
CLK : 813
instruction : 0b00000100010101010000001001100011
Executing: beq x10, x5, offset 68
PC changed from 0x1c to 0x20
CLK : 814
instruction : 0b11111111010000010000000100010011
Executing: addi x2, x2, -12
Register x2 changed from 0x3b8 to 0x3ac
PC changed from 0x20 to 0x24
CLK : 815
instruction : 0b00000000000100010010010000100011
Executing: sw x1, 8(x2)
Memory 0x948 changed from 0x34 to 0x44
PC changed from 0x24 to 0x28
CLK : 816
instruction : 0b00000000101000010010001000100011
Executing: sw x10, 4(x2)
Memory 0x944 changed from 0x3 to 0x2
PC changed from 0x28 to 0x2c
CLK : 817
instruction : 0b11111111111101010000010100010011
Executing: addi x10, x10, -1
Register x10 changed from 0x2 to 0x1
PC changed from 0x2c to 0x30
CLK : 818
instruction : 0b11111110010111111111000011101111
Executing: jal x1, offset -28
Register x1 changed from 0x44 to 0x34
PC changed from 0x30 to 0x14
CLK : 819
instruction : 0b00000100000001010000001001100011
Executing: beq x10, x0, offset 68
PC changed from 0x14 to 0x18
CLK : 820
instruction : 0b00000000000100000000001010010011
Executing: addi x5, x0, 1
Register x5 changed from 0x1 to 0x1
PC changed from 0x18 to 0x1c
CLK : 821
instruction : 0b00000100010101010000001001100011
Executing: beq x10, x5, offset 68
PC changed from 0x1c to 0x60
CLK : 822
instruction : 0b00000000000100000000010100010011
Executing: addi x10, x0, 1
Register x10 changed from 0x1 to 0x1
PC changed from 0x60 to 0x64
CLK : 823
instruction : 0b00000000000000001000000001100111
Executing: jalr x0, x1, offset 0
PC changed from 0x64 to 0x34
CLK : 824
instruction : 0b00000000101000010010000000100011
Executing: sw x10, 0(x2)
Memory 0x940 changed from 0x1 to 0x1
PC changed from 0x34 to 0x38
CLK : 825
instruction : 0b00000000010000010010010100000011
Executing: lw x10, 4(x2)
Register x10 changed from 0x1 to 0x2
PC changed from 0x38 to 0x3c
CLK : 826
instruction : 0b11111111111001010000010100010011
Executing: addi x10, x10, -2
Register x10 changed from 0x2 to 0x0
PC changed from 0x3c to 0x40
CLK : 827
instruction : 0b11111101010111111111000011101111
Executing: jal x1, offset -44
Register x1 changed from 0x34 to 0x44
PC changed from 0x40 to 0x14
CLK : 828
instruction : 0b00000100000001010000001001100011
Executing: beq x10, x0, offset 68
PC changed from 0x14 to 0x58
CLK : 829
instruction : 0b00000000000000000000010100010011
Executing: addi x10, x0, 0
Register x10 changed from 0x0 to 0x0
PC changed from 0x58 to 0x5c
CLK : 830
instruction : 0b00000000000000001000000001100111
Executing: jalr x0, x1, offset 0
PC changed from 0x5c to 0x44
CLK : 831
instruction : 0b00000000000000010010010110000011
Executing: lw x11, 0(x2)
Register x11 changed from 0x1 to 0x1
PC changed from 0x44 to 0x48
CLK : 832
instruction : 0b00000000101101010000010100110011
Executing: add x10, x10, x11
Register x10 changed from 0x0 to 0x1
PC changed from 0x48 to 0x4c
CLK : 833
instruction : 0b00000000100000010010000010000011
Executing: lw x1, 8(x2)
Register x1 changed from 0x44 to 0x44
PC changed from 0x4c to 0x50
CLK : 834
instruction : 0b00000000110000010000000100010011
Executing: addi x2, x2, 12
Register x2 changed from 0x3ac to 0x3b8
PC changed from 0x50 to 0x54
CLK : 835
instruction : 0b00000000000000001000000001100111
Executing: jalr x0, x1, offset 0
PC changed from 0x54 to 0x44
CLK : 836
instruction : 0b00000000000000010010010110000011
Executing: lw x11, 0(x2)
Register x11 changed from 0x1 to 0x2
PC changed from 0x44 to 0x48
CLK : 837
instruction : 0b00000000101101010000010100110011
Executing: add x10, x10, x11
Register x10 changed from 0x1 to 0x3
PC changed from 0x48 to 0x4c
CLK : 838
instruction : 0b00000000100000010010000010000011
Executing: lw x1, 8(x2)
Register x1 changed from 0x44 to 0x34
PC changed from 0x4c to 0x50
CLK : 839
instruction : 0b00000000110000010000000100010011
Executing: addi x2, x2, 12
Register x2 changed from 0x3b8 to 0x3c4
PC changed from 0x50 to 0x54
CLK : 840
instruction : 0b00000000000000001000000001100111
Executing: jalr x0, x1, offset 0
PC changed from 0x54 to 0x34
CLK : 841
instruction : 0b00000000101000010010000000100011
Executing: sw x10, 0(x2)
Memory 0x964 changed from 0x2 to 0x3
PC changed from 0x34 to 0x38
CLK : 842
instruction : 0b00000000010000010010010100000011
Executing: lw x10, 4(x2)
Register x10 changed from 0x3 to 0x5
PC changed from 0x38 to 0x3c
CLK : 843
instruction : 0b11111111111001010000010100010011
Executing: addi x10, x10, -2
Register x10 changed from 0x5 to 0x3
PC changed from 0x3c to 0x40
CLK : 844
instruction : 0b11111101010111111111000011101111
Executing: jal x1, offset -44
Register x1 changed from 0x34 to 0x44
PC changed from 0x40 to 0x14
CLK : 845
instruction : 0b00000100000001010000001001100011
Executing: beq x10, x0, offset 68
PC changed from 0x14 to 0x18
CLK : 846
instruction : 0b00000000000100000000001010010011
Executing: addi x5, x0, 1
Register x5 changed from 0x1 to 0x1
PC changed from 0x18 to 0x1c
CLK : 847
instruction : 0b00000100010101010000001001100011
Executing: beq x10, x5, offset 68
PC changed from 0x1c to 0x20
CLK : 848
instruction : 0b11111111010000010000000100010011
Executing: addi x2, x2, -12
Register x2 changed from 0x3c4 to 0x3b8
PC changed from 0x20 to 0x24
CLK : 849
instruction : 0b00000000000100010010010000100011
Executing: sw x1, 8(x2)
Memory 0x960 changed from 0x34 to 0x44
PC changed from 0x24 to 0x28
CLK : 850
instruction : 0b00000000101000010010001000100011
Executing: sw x10, 4(x2)
Memory 0x956 changed from 0x4 to 0x3
PC changed from 0x28 to 0x2c
CLK : 851
instruction : 0b11111111111101010000010100010011
Executing: addi x10, x10, -1
Register x10 changed from 0x3 to 0x2
PC changed from 0x2c to 0x30
CLK : 852
instruction : 0b11111110010111111111000011101111
Executing: jal x1, offset -28
Register x1 changed from 0x44 to 0x34
PC changed from 0x30 to 0x14
CLK : 853
instruction : 0b00000100000001010000001001100011
Executing: beq x10, x0, offset 68
PC changed from 0x14 to 0x18
CLK : 854
instruction : 0b00000000000100000000001010010011
Executing: addi x5, x0, 1
Register x5 changed from 0x1 to 0x1
PC changed from 0x18 to 0x1c
CLK : 855
instruction : 0b00000100010101010000001001100011
Executing: beq x10, x5, offset 68
PC changed from 0x1c to 0x20
CLK : 856
instruction : 0b11111111010000010000000100010011
Executing: addi x2, x2, -12
Register x2 changed from 0x3b8 to 0x3ac
PC changed from 0x20 to 0x24
CLK : 857
instruction : 0b00000000000100010010010000100011
Executing: sw x1, 8(x2)
Memory 0x948 changed from 0x44 to 0x34
PC changed from 0x24 to 0x28
CLK : 858
instruction : 0b00000000101000010010001000100011
Executing: sw x10, 4(x2)
Memory 0x944 changed from 0x2 to 0x2
PC changed from 0x28 to 0x2c
CLK : 859
instruction : 0b11111111111101010000010100010011
Executing: addi x10, x10, -1
Register x10 changed from 0x2 to 0x1
PC changed from 0x2c to 0x30
CLK : 860
instruction : 0b11111110010111111111000011101111
Executing: jal x1, offset -28
Register x1 changed from 0x34 to 0x34
PC changed from 0x30 to 0x14
CLK : 861
instruction : 0b00000100000001010000001001100011
Executing: beq x10, x0, offset 68
PC changed from 0x14 to 0x18
CLK : 862
instruction : 0b00000000000100000000001010010011
Executing: addi x5, x0, 1
Register x5 changed from 0x1 to 0x1
PC changed from 0x18 to 0x1c
CLK : 863
instruction : 0b00000100010101010000001001100011
Executing: beq x10, x5, offset 68
PC changed from 0x1c to 0x60
CLK : 864
instruction : 0b00000000000100000000010100010011
Executing: addi x10, x0, 1
Register x10 changed from 0x1 to 0x1
PC changed from 0x60 to 0x64
CLK : 865
instruction : 0b00000000000000001000000001100111
Executing: jalr x0, x1, offset 0
PC changed from 0x64 to 0x34
CLK : 866
instruction : 0b00000000101000010010000000100011
Executing: sw x10, 0(x2)
Memory 0x940 changed from 0x1 to 0x1
PC changed from 0x34 to 0x38
CLK : 867
instruction : 0b00000000010000010010010100000011
Executing: lw x10, 4(x2)
Register x10 changed from 0x1 to 0x2
PC changed from 0x38 to 0x3c
CLK : 868
instruction : 0b11111111111001010000010100010011
Executing: addi x10, x10, -2
Register x10 changed from 0x2 to 0x0
PC changed from 0x3c to 0x40
CLK : 869
instruction : 0b11111101010111111111000011101111
Executing: jal x1, offset -44
Register x1 changed from 0x34 to 0x44
PC changed from 0x40 to 0x14
CLK : 870
instruction : 0b00000100000001010000001001100011
Executing: beq x10, x0, offset 68
PC changed from 0x14 to 0x58
CLK : 871
instruction : 0b00000000000000000000010100010011
Executing: addi x10, x0, 0
Register x10 changed from 0x0 to 0x0
PC changed from 0x58 to 0x5c
CLK : 872
instruction : 0b00000000000000001000000001100111
Executing: jalr x0, x1, offset 0
PC changed from 0x5c to 0x44
CLK : 873
instruction : 0b00000000000000010010010110000011
Executing: lw x11, 0(x2)
Register x11 changed from 0x2 to 0x1
PC changed from 0x44 to 0x48
CLK : 874
instruction : 0b00000000101101010000010100110011
Executing: add x10, x10, x11
Register x10 changed from 0x0 to 0x1
PC changed from 0x48 to 0x4c
CLK : 875
instruction : 0b00000000100000010010000010000011
Executing: lw x1, 8(x2)
Register x1 changed from 0x44 to 0x34
PC changed from 0x4c to 0x50
CLK : 876
instruction : 0b00000000110000010000000100010011
Executing: addi x2, x2, 12
Register x2 changed from 0x3ac to 0x3b8
PC changed from 0x50 to 0x54
CLK : 877
instruction : 0b00000000000000001000000001100111
Executing: jalr x0, x1, offset 0
PC changed from 0x54 to 0x34
CLK : 878
instruction : 0b00000000101000010010000000100011
Executing: sw x10, 0(x2)
Memory 0x952 changed from 0x2 to 0x1
PC changed from 0x34 to 0x38
CLK : 879
instruction : 0b00000000010000010010010100000011
Executing: lw x10, 4(x2)
Register x10 changed from 0x1 to 0x3
PC changed from 0x38 to 0x3c
CLK : 880
instruction : 0b11111111111001010000010100010011
Executing: addi x10, x10, -2
Register x10 changed from 0x3 to 0x1
PC changed from 0x3c to 0x40
CLK : 881
instruction : 0b11111101010111111111000011101111
Executing: jal x1, offset -44
Register x1 changed from 0x34 to 0x44
PC changed from 0x40 to 0x14
CLK : 882
instruction : 0b00000100000001010000001001100011
Executing: beq x10, x0, offset 68
PC changed from 0x14 to 0x18
CLK : 883
instruction : 0b00000000000100000000001010010011
Executing: addi x5, x0, 1
Register x5 changed from 0x1 to 0x1
PC changed from 0x18 to 0x1c
CLK : 884
instruction : 0b00000100010101010000001001100011
Executing: beq x10, x5, offset 68
PC changed from 0x1c to 0x60
CLK : 885
instruction : 0b00000000000100000000010100010011
Executing: addi x10, x0, 1
Register x10 changed from 0x1 to 0x1
PC changed from 0x60 to 0x64
CLK : 886
instruction : 0b00000000000000001000000001100111
Executing: jalr x0, x1, offset 0
PC changed from 0x64 to 0x44
CLK : 887
instruction : 0b00000000000000010010010110000011
Executing: lw x11, 0(x2)
Register x11 changed from 0x1 to 0x1
PC changed from 0x44 to 0x48
CLK : 888
instruction : 0b00000000101101010000010100110011
Executing: add x10, x10, x11
Register x10 changed from 0x1 to 0x2
PC changed from 0x48 to 0x4c
CLK : 889
instruction : 0b00000000100000010010000010000011
Executing: lw x1, 8(x2)
Register x1 changed from 0x44 to 0x44
PC changed from 0x4c to 0x50
CLK : 890
instruction : 0b00000000110000010000000100010011
Executing: addi x2, x2, 12
Register x2 changed from 0x3b8 to 0x3c4
PC changed from 0x50 to 0x54
CLK : 891
instruction : 0b00000000000000001000000001100111
Executing: jalr x0, x1, offset 0
PC changed from 0x54 to 0x44
CLK : 892
instruction : 0b00000000000000010010010110000011
Executing: lw x11, 0(x2)
Register x11 changed from 0x1 to 0x3
PC changed from 0x44 to 0x48
CLK : 893
instruction : 0b00000000101101010000010100110011
Executing: add x10, x10, x11
Register x10 changed from 0x2 to 0x5
PC changed from 0x48 to 0x4c
CLK : 894
instruction : 0b00000000100000010010000010000011
Executing: lw x1, 8(x2)
Register x1 changed from 0x44 to 0x34
PC changed from 0x4c to 0x50
CLK : 895
instruction : 0b00000000110000010000000100010011
Executing: addi x2, x2, 12
Register x2 changed from 0x3c4 to 0x3d0
PC changed from 0x50 to 0x54
CLK : 896
instruction : 0b00000000000000001000000001100111
Executing: jalr x0, x1, offset 0
PC changed from 0x54 to 0x34
CLK : 897
instruction : 0b00000000101000010010000000100011
Executing: sw x10, 0(x2)
Memory 0x976 changed from 0x5 to 0x5
PC changed from 0x34 to 0x38
CLK : 898
instruction : 0b00000000010000010010010100000011
Executing: lw x10, 4(x2)
Register x10 changed from 0x5 to 0x6
PC changed from 0x38 to 0x3c
CLK : 899
instruction : 0b11111111111001010000010100010011
Executing: addi x10, x10, -2
Register x10 changed from 0x6 to 0x4
PC changed from 0x3c to 0x40
CLK : 900
instruction : 0b11111101010111111111000011101111
Executing: jal x1, offset -44
Register x1 changed from 0x34 to 0x44
PC changed from 0x40 to 0x14
CLK : 901
instruction : 0b00000100000001010000001001100011
Executing: beq x10, x0, offset 68
PC changed from 0x14 to 0x18
CLK : 902
instruction : 0b00000000000100000000001010010011
Executing: addi x5, x0, 1
Register x5 changed from 0x1 to 0x1
PC changed from 0x18 to 0x1c
CLK : 903
instruction : 0b00000100010101010000001001100011
Executing: beq x10, x5, offset 68
PC changed from 0x1c to 0x20
CLK : 904
instruction : 0b11111111010000010000000100010011
Executing: addi x2, x2, -12
Register x2 changed from 0x3d0 to 0x3c4
PC changed from 0x20 to 0x24
CLK : 905
instruction : 0b00000000000100010010010000100011
Executing: sw x1, 8(x2)
Memory 0x972 changed from 0x34 to 0x44
PC changed from 0x24 to 0x28
CLK : 906
instruction : 0b00000000101000010010001000100011
Executing: sw x10, 4(x2)
Memory 0x968 changed from 0x5 to 0x4
PC changed from 0x28 to 0x2c
CLK : 907
instruction : 0b11111111111101010000010100010011
Executing: addi x10, x10, -1
Register x10 changed from 0x4 to 0x3
PC changed from 0x2c to 0x30
CLK : 908
instruction : 0b11111110010111111111000011101111
Executing: jal x1, offset -28
Register x1 changed from 0x44 to 0x34
PC changed from 0x30 to 0x14
CLK : 909
instruction : 0b00000100000001010000001001100011
Executing: beq x10, x0, offset 68
PC changed from 0x14 to 0x18
CLK : 910
instruction : 0b00000000000100000000001010010011
Executing: addi x5, x0, 1
Register x5 changed from 0x1 to 0x1
PC changed from 0x18 to 0x1c
CLK : 911
instruction : 0b00000100010101010000001001100011
Executing: beq x10, x5, offset 68
PC changed from 0x1c to 0x20
CLK : 912
instruction : 0b11111111010000010000000100010011
Executing: addi x2, x2, -12
Register x2 changed from 0x3c4 to 0x3b8
PC changed from 0x20 to 0x24
CLK : 913
instruction : 0b00000000000100010010010000100011
Executing: sw x1, 8(x2)
Memory 0x960 changed from 0x44 to 0x34
PC changed from 0x24 to 0x28
CLK : 914
instruction : 0b00000000101000010010001000100011
Executing: sw x10, 4(x2)
Memory 0x956 changed from 0x3 to 0x3
PC changed from 0x28 to 0x2c
CLK : 915
instruction : 0b11111111111101010000010100010011
Executing: addi x10, x10, -1
Register x10 changed from 0x3 to 0x2
PC changed from 0x2c to 0x30
CLK : 916
instruction : 0b11111110010111111111000011101111
Executing: jal x1, offset -28
Register x1 changed from 0x34 to 0x34
PC changed from 0x30 to 0x14
CLK : 917
instruction : 0b00000100000001010000001001100011
Executing: beq x10, x0, offset 68
PC changed from 0x14 to 0x18
CLK : 918
instruction : 0b00000000000100000000001010010011
Executing: addi x5, x0, 1
Register x5 changed from 0x1 to 0x1
PC changed from 0x18 to 0x1c
CLK : 919
instruction : 0b00000100010101010000001001100011
Executing: beq x10, x5, offset 68
PC changed from 0x1c to 0x20
CLK : 920
instruction : 0b11111111010000010000000100010011
Executing: addi x2, x2, -12
Register x2 changed from 0x3b8 to 0x3ac
PC changed from 0x20 to 0x24
CLK : 921
instruction : 0b00000000000100010010010000100011
Executing: sw x1, 8(x2)
Memory 0x948 changed from 0x34 to 0x34
PC changed from 0x24 to 0x28
CLK : 922
instruction : 0b00000000101000010010001000100011
Executing: sw x10, 4(x2)
Memory 0x944 changed from 0x2 to 0x2
PC changed from 0x28 to 0x2c
CLK : 923
instruction : 0b11111111111101010000010100010011
Executing: addi x10, x10, -1
Register x10 changed from 0x2 to 0x1
PC changed from 0x2c to 0x30
CLK : 924
instruction : 0b11111110010111111111000011101111
Executing: jal x1, offset -28
Register x1 changed from 0x34 to 0x34
PC changed from 0x30 to 0x14
CLK : 925
instruction : 0b00000100000001010000001001100011
Executing: beq x10, x0, offset 68
PC changed from 0x14 to 0x18
CLK : 926
instruction : 0b00000000000100000000001010010011
Executing: addi x5, x0, 1
Register x5 changed from 0x1 to 0x1
PC changed from 0x18 to 0x1c
CLK : 927
instruction : 0b00000100010101010000001001100011
Executing: beq x10, x5, offset 68
PC changed from 0x1c to 0x60
CLK : 928
instruction : 0b00000000000100000000010100010011
Executing: addi x10, x0, 1
Register x10 changed from 0x1 to 0x1
PC changed from 0x60 to 0x64
CLK : 929
instruction : 0b00000000000000001000000001100111
Executing: jalr x0, x1, offset 0
PC changed from 0x64 to 0x34
CLK : 930
instruction : 0b00000000101000010010000000100011
Executing: sw x10, 0(x2)
Memory 0x940 changed from 0x1 to 0x1
PC changed from 0x34 to 0x38
CLK : 931
instruction : 0b00000000010000010010010100000011
Executing: lw x10, 4(x2)
Register x10 changed from 0x1 to 0x2
PC changed from 0x38 to 0x3c
CLK : 932
instruction : 0b11111111111001010000010100010011
Executing: addi x10, x10, -2
Register x10 changed from 0x2 to 0x0
PC changed from 0x3c to 0x40
CLK : 933
instruction : 0b11111101010111111111000011101111
Executing: jal x1, offset -44
Register x1 changed from 0x34 to 0x44
PC changed from 0x40 to 0x14
CLK : 934
instruction : 0b00000100000001010000001001100011
Executing: beq x10, x0, offset 68
PC changed from 0x14 to 0x58
CLK : 935
instruction : 0b00000000000000000000010100010011
Executing: addi x10, x0, 0
Register x10 changed from 0x0 to 0x0
PC changed from 0x58 to 0x5c
CLK : 936
instruction : 0b00000000000000001000000001100111
Executing: jalr x0, x1, offset 0
PC changed from 0x5c to 0x44
CLK : 937
instruction : 0b00000000000000010010010110000011
Executing: lw x11, 0(x2)
Register x11 changed from 0x3 to 0x1
PC changed from 0x44 to 0x48
CLK : 938
instruction : 0b00000000101101010000010100110011
Executing: add x10, x10, x11
Register x10 changed from 0x0 to 0x1
PC changed from 0x48 to 0x4c
CLK : 939
instruction : 0b00000000100000010010000010000011
Executing: lw x1, 8(x2)
Register x1 changed from 0x44 to 0x34
PC changed from 0x4c to 0x50
CLK : 940
instruction : 0b00000000110000010000000100010011
Executing: addi x2, x2, 12
Register x2 changed from 0x3ac to 0x3b8
PC changed from 0x50 to 0x54
CLK : 941
instruction : 0b00000000000000001000000001100111
Executing: jalr x0, x1, offset 0
PC changed from 0x54 to 0x34
CLK : 942
instruction : 0b00000000101000010010000000100011
Executing: sw x10, 0(x2)
Memory 0x952 changed from 0x1 to 0x1
PC changed from 0x34 to 0x38
CLK : 943
instruction : 0b00000000010000010010010100000011
Executing: lw x10, 4(x2)
Register x10 changed from 0x1 to 0x3
PC changed from 0x38 to 0x3c
CLK : 944
instruction : 0b11111111111001010000010100010011
Executing: addi x10, x10, -2
Register x10 changed from 0x3 to 0x1
PC changed from 0x3c to 0x40
CLK : 945
instruction : 0b11111101010111111111000011101111
Executing: jal x1, offset -44
Register x1 changed from 0x34 to 0x44
PC changed from 0x40 to 0x14
CLK : 946
instruction : 0b00000100000001010000001001100011
Executing: beq x10, x0, offset 68
PC changed from 0x14 to 0x18
CLK : 947
instruction : 0b00000000000100000000001010010011
Executing: addi x5, x0, 1
Register x5 changed from 0x1 to 0x1
PC changed from 0x18 to 0x1c
CLK : 948
instruction : 0b00000100010101010000001001100011
Executing: beq x10, x5, offset 68
PC changed from 0x1c to 0x60
CLK : 949
instruction : 0b00000000000100000000010100010011
Executing: addi x10, x0, 1
Register x10 changed from 0x1 to 0x1
PC changed from 0x60 to 0x64
CLK : 950
instruction : 0b00000000000000001000000001100111
Executing: jalr x0, x1, offset 0
PC changed from 0x64 to 0x44
CLK : 951
instruction : 0b00000000000000010010010110000011
Executing: lw x11, 0(x2)
Register x11 changed from 0x1 to 0x1
PC changed from 0x44 to 0x48
CLK : 952
instruction : 0b00000000101101010000010100110011
Executing: add x10, x10, x11
Register x10 changed from 0x1 to 0x2
PC changed from 0x48 to 0x4c
CLK : 953
instruction : 0b00000000100000010010000010000011
Executing: lw x1, 8(x2)
Register x1 changed from 0x44 to 0x34
PC changed from 0x4c to 0x50
CLK : 954
instruction : 0b00000000110000010000000100010011
Executing: addi x2, x2, 12
Register x2 changed from 0x3b8 to 0x3c4
PC changed from 0x50 to 0x54
CLK : 955
instruction : 0b00000000000000001000000001100111
Executing: jalr x0, x1, offset 0
PC changed from 0x54 to 0x34
CLK : 956
instruction : 0b00000000101000010010000000100011
Executing: sw x10, 0(x2)
Memory 0x964 changed from 0x3 to 0x2
PC changed from 0x34 to 0x38
CLK : 957
instruction : 0b00000000010000010010010100000011
Executing: lw x10, 4(x2)
Register x10 changed from 0x2 to 0x4
PC changed from 0x38 to 0x3c
CLK : 958
instruction : 0b11111111111001010000010100010011
Executing: addi x10, x10, -2
Register x10 changed from 0x4 to 0x2
PC changed from 0x3c to 0x40
CLK : 959
instruction : 0b11111101010111111111000011101111
Executing: jal x1, offset -44
Register x1 changed from 0x34 to 0x44
PC changed from 0x40 to 0x14
CLK : 960
instruction : 0b00000100000001010000001001100011
Executing: beq x10, x0, offset 68
PC changed from 0x14 to 0x18
CLK : 961
instruction : 0b00000000000100000000001010010011
Executing: addi x5, x0, 1
Register x5 changed from 0x1 to 0x1
PC changed from 0x18 to 0x1c
CLK : 962
instruction : 0b00000100010101010000001001100011
Executing: beq x10, x5, offset 68
PC changed from 0x1c to 0x20
CLK : 963
instruction : 0b11111111010000010000000100010011
Executing: addi x2, x2, -12
Register x2 changed from 0x3c4 to 0x3b8
PC changed from 0x20 to 0x24
CLK : 964
instruction : 0b00000000000100010010010000100011
Executing: sw x1, 8(x2)
Memory 0x960 changed from 0x34 to 0x44
PC changed from 0x24 to 0x28
CLK : 965
instruction : 0b00000000101000010010001000100011
Executing: sw x10, 4(x2)
Memory 0x956 changed from 0x3 to 0x2
PC changed from 0x28 to 0x2c
CLK : 966
instruction : 0b11111111111101010000010100010011
Executing: addi x10, x10, -1
Register x10 changed from 0x2 to 0x1
PC changed from 0x2c to 0x30
CLK : 967
instruction : 0b11111110010111111111000011101111
Executing: jal x1, offset -28
Register x1 changed from 0x44 to 0x34
PC changed from 0x30 to 0x14
CLK : 968
instruction : 0b00000100000001010000001001100011
Executing: beq x10, x0, offset 68
PC changed from 0x14 to 0x18
CLK : 969
instruction : 0b00000000000100000000001010010011
Executing: addi x5, x0, 1
Register x5 changed from 0x1 to 0x1
PC changed from 0x18 to 0x1c
CLK : 970
instruction : 0b00000100010101010000001001100011
Executing: beq x10, x5, offset 68
PC changed from 0x1c to 0x60
CLK : 971
instruction : 0b00000000000100000000010100010011
Executing: addi x10, x0, 1
Register x10 changed from 0x1 to 0x1
PC changed from 0x60 to 0x64
CLK : 972
instruction : 0b00000000000000001000000001100111
Executing: jalr x0, x1, offset 0
PC changed from 0x64 to 0x34
CLK : 973
instruction : 0b00000000101000010010000000100011
Executing: sw x10, 0(x2)
Memory 0x952 changed from 0x1 to 0x1
PC changed from 0x34 to 0x38
CLK : 974
instruction : 0b00000000010000010010010100000011
Executing: lw x10, 4(x2)
Register x10 changed from 0x1 to 0x2
PC changed from 0x38 to 0x3c
CLK : 975
instruction : 0b11111111111001010000010100010011
Executing: addi x10, x10, -2
Register x10 changed from 0x2 to 0x0
PC changed from 0x3c to 0x40
CLK : 976
instruction : 0b11111101010111111111000011101111
Executing: jal x1, offset -44
Register x1 changed from 0x34 to 0x44
PC changed from 0x40 to 0x14
CLK : 977
instruction : 0b00000100000001010000001001100011
Executing: beq x10, x0, offset 68
PC changed from 0x14 to 0x58
CLK : 978
instruction : 0b00000000000000000000010100010011
Executing: addi x10, x0, 0
Register x10 changed from 0x0 to 0x0
PC changed from 0x58 to 0x5c
CLK : 979
instruction : 0b00000000000000001000000001100111
Executing: jalr x0, x1, offset 0
PC changed from 0x5c to 0x44
CLK : 980
instruction : 0b00000000000000010010010110000011
Executing: lw x11, 0(x2)
Register x11 changed from 0x1 to 0x1
PC changed from 0x44 to 0x48
CLK : 981
instruction : 0b00000000101101010000010100110011
Executing: add x10, x10, x11
Register x10 changed from 0x0 to 0x1
PC changed from 0x48 to 0x4c
CLK : 982
instruction : 0b00000000100000010010000010000011
Executing: lw x1, 8(x2)
Register x1 changed from 0x44 to 0x44
PC changed from 0x4c to 0x50
CLK : 983
instruction : 0b00000000110000010000000100010011
Executing: addi x2, x2, 12
Register x2 changed from 0x3b8 to 0x3c4
PC changed from 0x50 to 0x54
CLK : 984
instruction : 0b00000000000000001000000001100111
Executing: jalr x0, x1, offset 0
PC changed from 0x54 to 0x44
CLK : 985
instruction : 0b00000000000000010010010110000011
Executing: lw x11, 0(x2)
Register x11 changed from 0x1 to 0x2
PC changed from 0x44 to 0x48
CLK : 986
instruction : 0b00000000101101010000010100110011
Executing: add x10, x10, x11
Register x10 changed from 0x1 to 0x3
PC changed from 0x48 to 0x4c
CLK : 987
instruction : 0b00000000100000010010000010000011
Executing: lw x1, 8(x2)
Register x1 changed from 0x44 to 0x44
PC changed from 0x4c to 0x50
CLK : 988
instruction : 0b00000000110000010000000100010011
Executing: addi x2, x2, 12
Register x2 changed from 0x3c4 to 0x3d0
PC changed from 0x50 to 0x54
CLK : 989
instruction : 0b00000000000000001000000001100111
Executing: jalr x0, x1, offset 0
PC changed from 0x54 to 0x44
CLK : 990
instruction : 0b00000000000000010010010110000011
Executing: lw x11, 0(x2)
Register x11 changed from 0x2 to 0x5
PC changed from 0x44 to 0x48
CLK : 991
instruction : 0b00000000101101010000010100110011
Executing: add x10, x10, x11
Register x10 changed from 0x3 to 0x8
PC changed from 0x48 to 0x4c
CLK : 992
instruction : 0b00000000100000010010000010000011
Executing: lw x1, 8(x2)
Register x1 changed from 0x44 to 0x34
PC changed from 0x4c to 0x50
CLK : 993
instruction : 0b00000000110000010000000100010011
Executing: addi x2, x2, 12
Register x2 changed from 0x3d0 to 0x3dc
PC changed from 0x50 to 0x54
CLK : 994
instruction : 0b00000000000000001000000001100111
Executing: jalr x0, x1, offset 0
PC changed from 0x54 to 0x34
CLK : 995
instruction : 0b00000000101000010010000000100011
Executing: sw x10, 0(x2)
Memory 0x988 changed from 0xd to 0x8
PC changed from 0x34 to 0x38
CLK : 996
instruction : 0b00000000010000010010010100000011
Executing: lw x10, 4(x2)
Register x10 changed from 0x8 to 0x7
PC changed from 0x38 to 0x3c
CLK : 997
instruction : 0b11111111111001010000010100010011
Executing: addi x10, x10, -2
Register x10 changed from 0x7 to 0x5
PC changed from 0x3c to 0x40
CLK : 998
instruction : 0b11111101010111111111000011101111
Executing: jal x1, offset -44
Register x1 changed from 0x34 to 0x44
PC changed from 0x40 to 0x14
CLK : 999
instruction : 0b00000100000001010000001001100011
Executing: beq x10, x0, offset 68
PC changed from 0x14 to 0x18
CLK : 1000
instruction : 0b00000000000100000000001010010011
Executing: addi x5, x0, 1
Register x5 changed from 0x1 to 0x1
PC changed from 0x18 to 0x1c
CLK : 1001
instruction : 0b00000100010101010000001001100011
Executing: beq x10, x5, offset 68
PC changed from 0x1c to 0x20
CLK : 1002
instruction : 0b11111111010000010000000100010011
Executing: addi x2, x2, -12
Register x2 changed from 0x3dc to 0x3d0
PC changed from 0x20 to 0x24
CLK : 1003
instruction : 0b00000000000100010010010000100011
Executing: sw x1, 8(x2)
Memory 0x984 changed from 0x34 to 0x44
PC changed from 0x24 to 0x28
CLK : 1004
instruction : 0b00000000101000010010001000100011
Executing: sw x10, 4(x2)
Memory 0x980 changed from 0x6 to 0x5
PC changed from 0x28 to 0x2c
CLK : 1005
instruction : 0b11111111111101010000010100010011
Executing: addi x10, x10, -1
Register x10 changed from 0x5 to 0x4
PC changed from 0x2c to 0x30
CLK : 1006
instruction : 0b11111110010111111111000011101111
Executing: jal x1, offset -28
Register x1 changed from 0x44 to 0x34
PC changed from 0x30 to 0x14
CLK : 1007
instruction : 0b00000100000001010000001001100011
Executing: beq x10, x0, offset 68
PC changed from 0x14 to 0x18
CLK : 1008
instruction : 0b00000000000100000000001010010011
Executing: addi x5, x0, 1
Register x5 changed from 0x1 to 0x1
PC changed from 0x18 to 0x1c
CLK : 1009
instruction : 0b00000100010101010000001001100011
Executing: beq x10, x5, offset 68
PC changed from 0x1c to 0x20
CLK : 1010
instruction : 0b11111111010000010000000100010011
Executing: addi x2, x2, -12
Register x2 changed from 0x3d0 to 0x3c4
PC changed from 0x20 to 0x24
CLK : 1011
instruction : 0b00000000000100010010010000100011
Executing: sw x1, 8(x2)
Memory 0x972 changed from 0x44 to 0x34
PC changed from 0x24 to 0x28
CLK : 1012
instruction : 0b00000000101000010010001000100011
Executing: sw x10, 4(x2)
Memory 0x968 changed from 0x4 to 0x4
PC changed from 0x28 to 0x2c
CLK : 1013
instruction : 0b11111111111101010000010100010011
Executing: addi x10, x10, -1
Register x10 changed from 0x4 to 0x3
PC changed from 0x2c to 0x30
CLK : 1014
instruction : 0b11111110010111111111000011101111
Executing: jal x1, offset -28
Register x1 changed from 0x34 to 0x34
PC changed from 0x30 to 0x14
CLK : 1015
instruction : 0b00000100000001010000001001100011
Executing: beq x10, x0, offset 68
PC changed from 0x14 to 0x18
CLK : 1016
instruction : 0b00000000000100000000001010010011
Executing: addi x5, x0, 1
Register x5 changed from 0x1 to 0x1
PC changed from 0x18 to 0x1c
CLK : 1017
instruction : 0b00000100010101010000001001100011
Executing: beq x10, x5, offset 68
PC changed from 0x1c to 0x20
CLK : 1018
instruction : 0b11111111010000010000000100010011
Executing: addi x2, x2, -12
Register x2 changed from 0x3c4 to 0x3b8
PC changed from 0x20 to 0x24
CLK : 1019
instruction : 0b00000000000100010010010000100011
Executing: sw x1, 8(x2)
Memory 0x960 changed from 0x44 to 0x34
PC changed from 0x24 to 0x28
CLK : 1020
instruction : 0b00000000101000010010001000100011
Executing: sw x10, 4(x2)
Memory 0x956 changed from 0x2 to 0x3
PC changed from 0x28 to 0x2c
CLK : 1021
instruction : 0b11111111111101010000010100010011
Executing: addi x10, x10, -1
Register x10 changed from 0x3 to 0x2
PC changed from 0x2c to 0x30
CLK : 1022
instruction : 0b11111110010111111111000011101111
Executing: jal x1, offset -28
Register x1 changed from 0x34 to 0x34
PC changed from 0x30 to 0x14
CLK : 1023
instruction : 0b00000100000001010000001001100011
Executing: beq x10, x0, offset 68
PC changed from 0x14 to 0x18
CLK : 1024
instruction : 0b00000000000100000000001010010011
Executing: addi x5, x0, 1
Register x5 changed from 0x1 to 0x1
PC changed from 0x18 to 0x1c
CLK : 1025
instruction : 0b00000100010101010000001001100011
Executing: beq x10, x5, offset 68
PC changed from 0x1c to 0x20
CLK : 1026
instruction : 0b11111111010000010000000100010011
Executing: addi x2, x2, -12
Register x2 changed from 0x3b8 to 0x3ac
PC changed from 0x20 to 0x24
CLK : 1027
instruction : 0b00000000000100010010010000100011
Executing: sw x1, 8(x2)
Memory 0x948 changed from 0x34 to 0x34
PC changed from 0x24 to 0x28
CLK : 1028
instruction : 0b00000000101000010010001000100011
Executing: sw x10, 4(x2)
Memory 0x944 changed from 0x2 to 0x2
PC changed from 0x28 to 0x2c
CLK : 1029
instruction : 0b11111111111101010000010100010011
Executing: addi x10, x10, -1
Register x10 changed from 0x2 to 0x1
PC changed from 0x2c to 0x30
CLK : 1030
instruction : 0b11111110010111111111000011101111
Executing: jal x1, offset -28
Register x1 changed from 0x34 to 0x34
PC changed from 0x30 to 0x14
CLK : 1031
instruction : 0b00000100000001010000001001100011
Executing: beq x10, x0, offset 68
PC changed from 0x14 to 0x18
CLK : 1032
instruction : 0b00000000000100000000001010010011
Executing: addi x5, x0, 1
Register x5 changed from 0x1 to 0x1
PC changed from 0x18 to 0x1c
CLK : 1033
instruction : 0b00000100010101010000001001100011
Executing: beq x10, x5, offset 68
PC changed from 0x1c to 0x60
CLK : 1034
instruction : 0b00000000000100000000010100010011
Executing: addi x10, x0, 1
Register x10 changed from 0x1 to 0x1
PC changed from 0x60 to 0x64
CLK : 1035
instruction : 0b00000000000000001000000001100111
Executing: jalr x0, x1, offset 0
PC changed from 0x64 to 0x34
CLK : 1036
instruction : 0b00000000101000010010000000100011
Executing: sw x10, 0(x2)
Memory 0x940 changed from 0x1 to 0x1
PC changed from 0x34 to 0x38
CLK : 1037
instruction : 0b00000000010000010010010100000011
Executing: lw x10, 4(x2)
Register x10 changed from 0x1 to 0x2
PC changed from 0x38 to 0x3c
CLK : 1038
instruction : 0b11111111111001010000010100010011
Executing: addi x10, x10, -2
Register x10 changed from 0x2 to 0x0
PC changed from 0x3c to 0x40
CLK : 1039
instruction : 0b11111101010111111111000011101111
Executing: jal x1, offset -44
Register x1 changed from 0x34 to 0x44
PC changed from 0x40 to 0x14
CLK : 1040
instruction : 0b00000100000001010000001001100011
Executing: beq x10, x0, offset 68
PC changed from 0x14 to 0x58
CLK : 1041
instruction : 0b00000000000000000000010100010011
Executing: addi x10, x0, 0
Register x10 changed from 0x0 to 0x0
PC changed from 0x58 to 0x5c
CLK : 1042
instruction : 0b00000000000000001000000001100111
Executing: jalr x0, x1, offset 0
PC changed from 0x5c to 0x44
CLK : 1043
instruction : 0b00000000000000010010010110000011
Executing: lw x11, 0(x2)
Register x11 changed from 0x5 to 0x1
PC changed from 0x44 to 0x48
CLK : 1044
instruction : 0b00000000101101010000010100110011
Executing: add x10, x10, x11
Register x10 changed from 0x0 to 0x1
PC changed from 0x48 to 0x4c
CLK : 1045
instruction : 0b00000000100000010010000010000011
Executing: lw x1, 8(x2)
Register x1 changed from 0x44 to 0x34
PC changed from 0x4c to 0x50
CLK : 1046
instruction : 0b00000000110000010000000100010011
Executing: addi x2, x2, 12
Register x2 changed from 0x3ac to 0x3b8
PC changed from 0x50 to 0x54
CLK : 1047
instruction : 0b00000000000000001000000001100111
Executing: jalr x0, x1, offset 0
PC changed from 0x54 to 0x34
CLK : 1048
instruction : 0b00000000101000010010000000100011
Executing: sw x10, 0(x2)
Memory 0x952 changed from 0x1 to 0x1
PC changed from 0x34 to 0x38
CLK : 1049
instruction : 0b00000000010000010010010100000011
Executing: lw x10, 4(x2)
Register x10 changed from 0x1 to 0x3
PC changed from 0x38 to 0x3c
CLK : 1050
instruction : 0b11111111111001010000010100010011
Executing: addi x10, x10, -2
Register x10 changed from 0x3 to 0x1
PC changed from 0x3c to 0x40
CLK : 1051
instruction : 0b11111101010111111111000011101111
Executing: jal x1, offset -44
Register x1 changed from 0x34 to 0x44
PC changed from 0x40 to 0x14
CLK : 1052
instruction : 0b00000100000001010000001001100011
Executing: beq x10, x0, offset 68
PC changed from 0x14 to 0x18
CLK : 1053
instruction : 0b00000000000100000000001010010011
Executing: addi x5, x0, 1
Register x5 changed from 0x1 to 0x1
PC changed from 0x18 to 0x1c
CLK : 1054
instruction : 0b00000100010101010000001001100011
Executing: beq x10, x5, offset 68
PC changed from 0x1c to 0x60
CLK : 1055
instruction : 0b00000000000100000000010100010011
Executing: addi x10, x0, 1
Register x10 changed from 0x1 to 0x1
PC changed from 0x60 to 0x64
CLK : 1056
instruction : 0b00000000000000001000000001100111
Executing: jalr x0, x1, offset 0
PC changed from 0x64 to 0x44
CLK : 1057
instruction : 0b00000000000000010010010110000011
Executing: lw x11, 0(x2)
Register x11 changed from 0x1 to 0x1
PC changed from 0x44 to 0x48
CLK : 1058
instruction : 0b00000000101101010000010100110011
Executing: add x10, x10, x11
Register x10 changed from 0x1 to 0x2
PC changed from 0x48 to 0x4c
CLK : 1059
instruction : 0b00000000100000010010000010000011
Executing: lw x1, 8(x2)
Register x1 changed from 0x44 to 0x34
PC changed from 0x4c to 0x50
CLK : 1060
instruction : 0b00000000110000010000000100010011
Executing: addi x2, x2, 12
Register x2 changed from 0x3b8 to 0x3c4
PC changed from 0x50 to 0x54
CLK : 1061
instruction : 0b00000000000000001000000001100111
Executing: jalr x0, x1, offset 0
PC changed from 0x54 to 0x34
CLK : 1062
instruction : 0b00000000101000010010000000100011
Executing: sw x10, 0(x2)
Memory 0x964 changed from 0x2 to 0x2
PC changed from 0x34 to 0x38
CLK : 1063
instruction : 0b00000000010000010010010100000011
Executing: lw x10, 4(x2)
Register x10 changed from 0x2 to 0x4
PC changed from 0x38 to 0x3c
CLK : 1064
instruction : 0b11111111111001010000010100010011
Executing: addi x10, x10, -2
Register x10 changed from 0x4 to 0x2
PC changed from 0x3c to 0x40
CLK : 1065
instruction : 0b11111101010111111111000011101111
Executing: jal x1, offset -44
Register x1 changed from 0x34 to 0x44
PC changed from 0x40 to 0x14
CLK : 1066
instruction : 0b00000100000001010000001001100011
Executing: beq x10, x0, offset 68
PC changed from 0x14 to 0x18
CLK : 1067
instruction : 0b00000000000100000000001010010011
Executing: addi x5, x0, 1
Register x5 changed from 0x1 to 0x1
PC changed from 0x18 to 0x1c
CLK : 1068
instruction : 0b00000100010101010000001001100011
Executing: beq x10, x5, offset 68
PC changed from 0x1c to 0x20
CLK : 1069
instruction : 0b11111111010000010000000100010011
Executing: addi x2, x2, -12
Register x2 changed from 0x3c4 to 0x3b8
PC changed from 0x20 to 0x24
CLK : 1070
instruction : 0b00000000000100010010010000100011
Executing: sw x1, 8(x2)
Memory 0x960 changed from 0x34 to 0x44
PC changed from 0x24 to 0x28
CLK : 1071
instruction : 0b00000000101000010010001000100011
Executing: sw x10, 4(x2)
Memory 0x956 changed from 0x3 to 0x2
PC changed from 0x28 to 0x2c
CLK : 1072
instruction : 0b11111111111101010000010100010011
Executing: addi x10, x10, -1
Register x10 changed from 0x2 to 0x1
PC changed from 0x2c to 0x30
CLK : 1073
instruction : 0b11111110010111111111000011101111
Executing: jal x1, offset -28
Register x1 changed from 0x44 to 0x34
PC changed from 0x30 to 0x14
CLK : 1074
instruction : 0b00000100000001010000001001100011
Executing: beq x10, x0, offset 68
PC changed from 0x14 to 0x18
CLK : 1075
instruction : 0b00000000000100000000001010010011
Executing: addi x5, x0, 1
Register x5 changed from 0x1 to 0x1
PC changed from 0x18 to 0x1c
CLK : 1076
instruction : 0b00000100010101010000001001100011
Executing: beq x10, x5, offset 68
PC changed from 0x1c to 0x60
CLK : 1077
instruction : 0b00000000000100000000010100010011
Executing: addi x10, x0, 1
Register x10 changed from 0x1 to 0x1
PC changed from 0x60 to 0x64
CLK : 1078
instruction : 0b00000000000000001000000001100111
Executing: jalr x0, x1, offset 0
PC changed from 0x64 to 0x34
CLK : 1079
instruction : 0b00000000101000010010000000100011
Executing: sw x10, 0(x2)
Memory 0x952 changed from 0x1 to 0x1
PC changed from 0x34 to 0x38
CLK : 1080
instruction : 0b00000000010000010010010100000011
Executing: lw x10, 4(x2)
Register x10 changed from 0x1 to 0x2
PC changed from 0x38 to 0x3c
CLK : 1081
instruction : 0b11111111111001010000010100010011
Executing: addi x10, x10, -2
Register x10 changed from 0x2 to 0x0
PC changed from 0x3c to 0x40
CLK : 1082
instruction : 0b11111101010111111111000011101111
Executing: jal x1, offset -44
Register x1 changed from 0x34 to 0x44
PC changed from 0x40 to 0x14
CLK : 1083
instruction : 0b00000100000001010000001001100011
Executing: beq x10, x0, offset 68
PC changed from 0x14 to 0x58
CLK : 1084
instruction : 0b00000000000000000000010100010011
Executing: addi x10, x0, 0
Register x10 changed from 0x0 to 0x0
PC changed from 0x58 to 0x5c
CLK : 1085
instruction : 0b00000000000000001000000001100111
Executing: jalr x0, x1, offset 0
PC changed from 0x5c to 0x44
CLK : 1086
instruction : 0b00000000000000010010010110000011
Executing: lw x11, 0(x2)
Register x11 changed from 0x1 to 0x1
PC changed from 0x44 to 0x48
CLK : 1087
instruction : 0b00000000101101010000010100110011
Executing: add x10, x10, x11
Register x10 changed from 0x0 to 0x1
PC changed from 0x48 to 0x4c
CLK : 1088
instruction : 0b00000000100000010010000010000011
Executing: lw x1, 8(x2)
Register x1 changed from 0x44 to 0x44
PC changed from 0x4c to 0x50
CLK : 1089
instruction : 0b00000000110000010000000100010011
Executing: addi x2, x2, 12
Register x2 changed from 0x3b8 to 0x3c4
PC changed from 0x50 to 0x54
CLK : 1090
instruction : 0b00000000000000001000000001100111
Executing: jalr x0, x1, offset 0
PC changed from 0x54 to 0x44
CLK : 1091
instruction : 0b00000000000000010010010110000011
Executing: lw x11, 0(x2)
Register x11 changed from 0x1 to 0x2
PC changed from 0x44 to 0x48
CLK : 1092
instruction : 0b00000000101101010000010100110011
Executing: add x10, x10, x11
Register x10 changed from 0x1 to 0x3
PC changed from 0x48 to 0x4c
CLK : 1093
instruction : 0b00000000100000010010000010000011
Executing: lw x1, 8(x2)
Register x1 changed from 0x44 to 0x34
PC changed from 0x4c to 0x50
CLK : 1094
instruction : 0b00000000110000010000000100010011
Executing: addi x2, x2, 12
Register x2 changed from 0x3c4 to 0x3d0
PC changed from 0x50 to 0x54
CLK : 1095
instruction : 0b00000000000000001000000001100111
Executing: jalr x0, x1, offset 0
PC changed from 0x54 to 0x34
CLK : 1096
instruction : 0b00000000101000010010000000100011
Executing: sw x10, 0(x2)
Memory 0x976 changed from 0x5 to 0x3
PC changed from 0x34 to 0x38
CLK : 1097
instruction : 0b00000000010000010010010100000011
Executing: lw x10, 4(x2)
Register x10 changed from 0x3 to 0x5
PC changed from 0x38 to 0x3c
CLK : 1098
instruction : 0b11111111111001010000010100010011
Executing: addi x10, x10, -2
Register x10 changed from 0x5 to 0x3
PC changed from 0x3c to 0x40
CLK : 1099
instruction : 0b11111101010111111111000011101111
Executing: jal x1, offset -44
Register x1 changed from 0x34 to 0x44
PC changed from 0x40 to 0x14
CLK : 1100
instruction : 0b00000100000001010000001001100011
Executing: beq x10, x0, offset 68
PC changed from 0x14 to 0x18
CLK : 1101
instruction : 0b00000000000100000000001010010011
Executing: addi x5, x0, 1
Register x5 changed from 0x1 to 0x1
PC changed from 0x18 to 0x1c
CLK : 1102
instruction : 0b00000100010101010000001001100011
Executing: beq x10, x5, offset 68
PC changed from 0x1c to 0x20
CLK : 1103
instruction : 0b11111111010000010000000100010011
Executing: addi x2, x2, -12
Register x2 changed from 0x3d0 to 0x3c4
PC changed from 0x20 to 0x24
CLK : 1104
instruction : 0b00000000000100010010010000100011
Executing: sw x1, 8(x2)
Memory 0x972 changed from 0x34 to 0x44
PC changed from 0x24 to 0x28
CLK : 1105
instruction : 0b00000000101000010010001000100011
Executing: sw x10, 4(x2)
Memory 0x968 changed from 0x4 to 0x3
PC changed from 0x28 to 0x2c
CLK : 1106
instruction : 0b11111111111101010000010100010011
Executing: addi x10, x10, -1
Register x10 changed from 0x3 to 0x2
PC changed from 0x2c to 0x30
CLK : 1107
instruction : 0b11111110010111111111000011101111
Executing: jal x1, offset -28
Register x1 changed from 0x44 to 0x34
PC changed from 0x30 to 0x14
CLK : 1108
instruction : 0b00000100000001010000001001100011
Executing: beq x10, x0, offset 68
PC changed from 0x14 to 0x18
CLK : 1109
instruction : 0b00000000000100000000001010010011
Executing: addi x5, x0, 1
Register x5 changed from 0x1 to 0x1
PC changed from 0x18 to 0x1c
CLK : 1110
instruction : 0b00000100010101010000001001100011
Executing: beq x10, x5, offset 68
PC changed from 0x1c to 0x20
CLK : 1111
instruction : 0b11111111010000010000000100010011
Executing: addi x2, x2, -12
Register x2 changed from 0x3c4 to 0x3b8
PC changed from 0x20 to 0x24
CLK : 1112
instruction : 0b00000000000100010010010000100011
Executing: sw x1, 8(x2)
Memory 0x960 changed from 0x44 to 0x34
PC changed from 0x24 to 0x28
CLK : 1113
instruction : 0b00000000101000010010001000100011
Executing: sw x10, 4(x2)
Memory 0x956 changed from 0x2 to 0x2
PC changed from 0x28 to 0x2c
CLK : 1114
instruction : 0b11111111111101010000010100010011
Executing: addi x10, x10, -1
Register x10 changed from 0x2 to 0x1
PC changed from 0x2c to 0x30
CLK : 1115
instruction : 0b11111110010111111111000011101111
Executing: jal x1, offset -28
Register x1 changed from 0x34 to 0x34
PC changed from 0x30 to 0x14
CLK : 1116
instruction : 0b00000100000001010000001001100011
Executing: beq x10, x0, offset 68
PC changed from 0x14 to 0x18
CLK : 1117
instruction : 0b00000000000100000000001010010011
Executing: addi x5, x0, 1
Register x5 changed from 0x1 to 0x1
PC changed from 0x18 to 0x1c
CLK : 1118
instruction : 0b00000100010101010000001001100011
Executing: beq x10, x5, offset 68
PC changed from 0x1c to 0x60
CLK : 1119
instruction : 0b00000000000100000000010100010011
Executing: addi x10, x0, 1
Register x10 changed from 0x1 to 0x1
PC changed from 0x60 to 0x64
CLK : 1120
instruction : 0b00000000000000001000000001100111
Executing: jalr x0, x1, offset 0
PC changed from 0x64 to 0x34
CLK : 1121
instruction : 0b00000000101000010010000000100011
Executing: sw x10, 0(x2)
Memory 0x952 changed from 0x1 to 0x1
PC changed from 0x34 to 0x38
CLK : 1122
instruction : 0b00000000010000010010010100000011
Executing: lw x10, 4(x2)
Register x10 changed from 0x1 to 0x2
PC changed from 0x38 to 0x3c
CLK : 1123
instruction : 0b11111111111001010000010100010011
Executing: addi x10, x10, -2
Register x10 changed from 0x2 to 0x0
PC changed from 0x3c to 0x40
CLK : 1124
instruction : 0b11111101010111111111000011101111
Executing: jal x1, offset -44
Register x1 changed from 0x34 to 0x44
PC changed from 0x40 to 0x14
CLK : 1125
instruction : 0b00000100000001010000001001100011
Executing: beq x10, x0, offset 68
PC changed from 0x14 to 0x58
CLK : 1126
instruction : 0b00000000000000000000010100010011
Executing: addi x10, x0, 0
Register x10 changed from 0x0 to 0x0
PC changed from 0x58 to 0x5c
CLK : 1127
instruction : 0b00000000000000001000000001100111
Executing: jalr x0, x1, offset 0
PC changed from 0x5c to 0x44
CLK : 1128
instruction : 0b00000000000000010010010110000011
Executing: lw x11, 0(x2)
Register x11 changed from 0x2 to 0x1
PC changed from 0x44 to 0x48
CLK : 1129
instruction : 0b00000000101101010000010100110011
Executing: add x10, x10, x11
Register x10 changed from 0x0 to 0x1
PC changed from 0x48 to 0x4c
CLK : 1130
instruction : 0b00000000100000010010000010000011
Executing: lw x1, 8(x2)
Register x1 changed from 0x44 to 0x34
PC changed from 0x4c to 0x50
CLK : 1131
instruction : 0b00000000110000010000000100010011
Executing: addi x2, x2, 12
Register x2 changed from 0x3b8 to 0x3c4
PC changed from 0x50 to 0x54
CLK : 1132
instruction : 0b00000000000000001000000001100111
Executing: jalr x0, x1, offset 0
PC changed from 0x54 to 0x34
CLK : 1133
instruction : 0b00000000101000010010000000100011
Executing: sw x10, 0(x2)
Memory 0x964 changed from 0x2 to 0x1
PC changed from 0x34 to 0x38
CLK : 1134
instruction : 0b00000000010000010010010100000011
Executing: lw x10, 4(x2)
Register x10 changed from 0x1 to 0x3
PC changed from 0x38 to 0x3c
CLK : 1135
instruction : 0b11111111111001010000010100010011
Executing: addi x10, x10, -2
Register x10 changed from 0x3 to 0x1
PC changed from 0x3c to 0x40
CLK : 1136
instruction : 0b11111101010111111111000011101111
Executing: jal x1, offset -44
Register x1 changed from 0x34 to 0x44
PC changed from 0x40 to 0x14
CLK : 1137
instruction : 0b00000100000001010000001001100011
Executing: beq x10, x0, offset 68
PC changed from 0x14 to 0x18
CLK : 1138
instruction : 0b00000000000100000000001010010011
Executing: addi x5, x0, 1
Register x5 changed from 0x1 to 0x1
PC changed from 0x18 to 0x1c
CLK : 1139
instruction : 0b00000100010101010000001001100011
Executing: beq x10, x5, offset 68
PC changed from 0x1c to 0x60
CLK : 1140
instruction : 0b00000000000100000000010100010011
Executing: addi x10, x0, 1
Register x10 changed from 0x1 to 0x1
PC changed from 0x60 to 0x64
CLK : 1141
instruction : 0b00000000000000001000000001100111
Executing: jalr x0, x1, offset 0
PC changed from 0x64 to 0x44
CLK : 1142
instruction : 0b00000000000000010010010110000011
Executing: lw x11, 0(x2)
Register x11 changed from 0x1 to 0x1
PC changed from 0x44 to 0x48
CLK : 1143
instruction : 0b00000000101101010000010100110011
Executing: add x10, x10, x11
Register x10 changed from 0x1 to 0x2
PC changed from 0x48 to 0x4c
CLK : 1144
instruction : 0b00000000100000010010000010000011
Executing: lw x1, 8(x2)
Register x1 changed from 0x44 to 0x44
PC changed from 0x4c to 0x50
CLK : 1145
instruction : 0b00000000110000010000000100010011
Executing: addi x2, x2, 12
Register x2 changed from 0x3c4 to 0x3d0
PC changed from 0x50 to 0x54
CLK : 1146
instruction : 0b00000000000000001000000001100111
Executing: jalr x0, x1, offset 0
PC changed from 0x54 to 0x44
CLK : 1147
instruction : 0b00000000000000010010010110000011
Executing: lw x11, 0(x2)
Register x11 changed from 0x1 to 0x3
PC changed from 0x44 to 0x48
CLK : 1148
instruction : 0b00000000101101010000010100110011
Executing: add x10, x10, x11
Register x10 changed from 0x2 to 0x5
PC changed from 0x48 to 0x4c
CLK : 1149
instruction : 0b00000000100000010010000010000011
Executing: lw x1, 8(x2)
Register x1 changed from 0x44 to 0x44
PC changed from 0x4c to 0x50
CLK : 1150
instruction : 0b00000000110000010000000100010011
Executing: addi x2, x2, 12
Register x2 changed from 0x3d0 to 0x3dc
PC changed from 0x50 to 0x54
CLK : 1151
instruction : 0b00000000000000001000000001100111
Executing: jalr x0, x1, offset 0
PC changed from 0x54 to 0x44
CLK : 1152
instruction : 0b00000000000000010010010110000011
Executing: lw x11, 0(x2)
Register x11 changed from 0x3 to 0x8
PC changed from 0x44 to 0x48
CLK : 1153
instruction : 0b00000000101101010000010100110011
Executing: add x10, x10, x11
Register x10 changed from 0x5 to 0xd
PC changed from 0x48 to 0x4c
CLK : 1154
instruction : 0b00000000100000010010000010000011
Executing: lw x1, 8(x2)
Register x1 changed from 0x44 to 0x44
PC changed from 0x4c to 0x50
CLK : 1155
instruction : 0b00000000110000010000000100010011
Executing: addi x2, x2, 12
Register x2 changed from 0x3dc to 0x3e8
PC changed from 0x50 to 0x54
CLK : 1156
instruction : 0b00000000000000001000000001100111
Executing: jalr x0, x1, offset 0
PC changed from 0x54 to 0x44
CLK : 1157
instruction : 0b00000000000000010010010110000011
Executing: lw x11, 0(x2)
Register x11 changed from 0x8 to 0x15
PC changed from 0x44 to 0x48
CLK : 1158
instruction : 0b00000000101101010000010100110011
Executing: add x10, x10, x11
Register x10 changed from 0xd to 0x22
PC changed from 0x48 to 0x4c
CLK : 1159
instruction : 0b00000000100000010010000010000011
Executing: lw x1, 8(x2)
Register x1 changed from 0x44 to 0x34
PC changed from 0x4c to 0x50
CLK : 1160
instruction : 0b00000000110000010000000100010011
Executing: addi x2, x2, 12
Register x2 changed from 0x3e8 to 0x3f4
PC changed from 0x50 to 0x54
CLK : 1161
instruction : 0b00000000000000001000000001100111
Executing: jalr x0, x1, offset 0
PC changed from 0x54 to 0x34
CLK : 1162
instruction : 0b00000000101000010010000000100011
Executing: sw x10, 0(x2)
Memory 0x1012 changed from 0x0 to 0x22
PC changed from 0x34 to 0x38
CLK : 1163
instruction : 0b00000000010000010010010100000011
Executing: lw x10, 4(x2)
Register x10 changed from 0x22 to 0xa
PC changed from 0x38 to 0x3c
CLK : 1164
instruction : 0b11111111111001010000010100010011
Executing: addi x10, x10, -2
Register x10 changed from 0xa to 0x8
PC changed from 0x3c to 0x40
CLK : 1165
instruction : 0b11111101010111111111000011101111
Executing: jal x1, offset -44
Register x1 changed from 0x34 to 0x44
PC changed from 0x40 to 0x14
CLK : 1166
instruction : 0b00000100000001010000001001100011
Executing: beq x10, x0, offset 68
PC changed from 0x14 to 0x18
CLK : 1167
instruction : 0b00000000000100000000001010010011
Executing: addi x5, x0, 1
Register x5 changed from 0x1 to 0x1
PC changed from 0x18 to 0x1c
CLK : 1168
instruction : 0b00000100010101010000001001100011
Executing: beq x10, x5, offset 68
PC changed from 0x1c to 0x20
CLK : 1169
instruction : 0b11111111010000010000000100010011
Executing: addi x2, x2, -12
Register x2 changed from 0x3f4 to 0x3e8
PC changed from 0x20 to 0x24
CLK : 1170
instruction : 0b00000000000100010010010000100011
Executing: sw x1, 8(x2)
Memory 0x1008 changed from 0x34 to 0x44
PC changed from 0x24 to 0x28
CLK : 1171
instruction : 0b00000000101000010010001000100011
Executing: sw x10, 4(x2)
Memory 0x1004 changed from 0x9 to 0x8
PC changed from 0x28 to 0x2c
CLK : 1172
instruction : 0b11111111111101010000010100010011
Executing: addi x10, x10, -1
Register x10 changed from 0x8 to 0x7
PC changed from 0x2c to 0x30
CLK : 1173
instruction : 0b11111110010111111111000011101111
Executing: jal x1, offset -28
Register x1 changed from 0x44 to 0x34
PC changed from 0x30 to 0x14
CLK : 1174
instruction : 0b00000100000001010000001001100011
Executing: beq x10, x0, offset 68
PC changed from 0x14 to 0x18
CLK : 1175
instruction : 0b00000000000100000000001010010011
Executing: addi x5, x0, 1
Register x5 changed from 0x1 to 0x1
PC changed from 0x18 to 0x1c
CLK : 1176
instruction : 0b00000100010101010000001001100011
Executing: beq x10, x5, offset 68
PC changed from 0x1c to 0x20
CLK : 1177
instruction : 0b11111111010000010000000100010011
Executing: addi x2, x2, -12
Register x2 changed from 0x3e8 to 0x3dc
PC changed from 0x20 to 0x24
CLK : 1178
instruction : 0b00000000000100010010010000100011
Executing: sw x1, 8(x2)
Memory 0x996 changed from 0x44 to 0x34
PC changed from 0x24 to 0x28
CLK : 1179
instruction : 0b00000000101000010010001000100011
Executing: sw x10, 4(x2)
Memory 0x992 changed from 0x7 to 0x7
PC changed from 0x28 to 0x2c
CLK : 1180
instruction : 0b11111111111101010000010100010011
Executing: addi x10, x10, -1
Register x10 changed from 0x7 to 0x6
PC changed from 0x2c to 0x30
CLK : 1181
instruction : 0b11111110010111111111000011101111
Executing: jal x1, offset -28
Register x1 changed from 0x34 to 0x34
PC changed from 0x30 to 0x14
CLK : 1182
instruction : 0b00000100000001010000001001100011
Executing: beq x10, x0, offset 68
PC changed from 0x14 to 0x18
CLK : 1183
instruction : 0b00000000000100000000001010010011
Executing: addi x5, x0, 1
Register x5 changed from 0x1 to 0x1
PC changed from 0x18 to 0x1c
CLK : 1184
instruction : 0b00000100010101010000001001100011
Executing: beq x10, x5, offset 68
PC changed from 0x1c to 0x20
CLK : 1185
instruction : 0b11111111010000010000000100010011
Executing: addi x2, x2, -12
Register x2 changed from 0x3dc to 0x3d0
PC changed from 0x20 to 0x24
CLK : 1186
instruction : 0b00000000000100010010010000100011
Executing: sw x1, 8(x2)
Memory 0x984 changed from 0x44 to 0x34
PC changed from 0x24 to 0x28
CLK : 1187
instruction : 0b00000000101000010010001000100011
Executing: sw x10, 4(x2)
Memory 0x980 changed from 0x5 to 0x6
PC changed from 0x28 to 0x2c
CLK : 1188
instruction : 0b11111111111101010000010100010011
Executing: addi x10, x10, -1
Register x10 changed from 0x6 to 0x5
PC changed from 0x2c to 0x30
CLK : 1189
instruction : 0b11111110010111111111000011101111
Executing: jal x1, offset -28
Register x1 changed from 0x34 to 0x34
PC changed from 0x30 to 0x14
CLK : 1190
instruction : 0b00000100000001010000001001100011
Executing: beq x10, x0, offset 68
PC changed from 0x14 to 0x18
CLK : 1191
instruction : 0b00000000000100000000001010010011
Executing: addi x5, x0, 1
Register x5 changed from 0x1 to 0x1
PC changed from 0x18 to 0x1c
CLK : 1192
instruction : 0b00000100010101010000001001100011
Executing: beq x10, x5, offset 68
PC changed from 0x1c to 0x20
CLK : 1193
instruction : 0b11111111010000010000000100010011
Executing: addi x2, x2, -12
Register x2 changed from 0x3d0 to 0x3c4
PC changed from 0x20 to 0x24
CLK : 1194
instruction : 0b00000000000100010010010000100011
Executing: sw x1, 8(x2)
Memory 0x972 changed from 0x44 to 0x34
PC changed from 0x24 to 0x28
CLK : 1195
instruction : 0b00000000101000010010001000100011
Executing: sw x10, 4(x2)
Memory 0x968 changed from 0x3 to 0x5
PC changed from 0x28 to 0x2c
CLK : 1196
instruction : 0b11111111111101010000010100010011
Executing: addi x10, x10, -1
Register x10 changed from 0x5 to 0x4
PC changed from 0x2c to 0x30
CLK : 1197
instruction : 0b11111110010111111111000011101111
Executing: jal x1, offset -28
Register x1 changed from 0x34 to 0x34
PC changed from 0x30 to 0x14
CLK : 1198
instruction : 0b00000100000001010000001001100011
Executing: beq x10, x0, offset 68
PC changed from 0x14 to 0x18
CLK : 1199
instruction : 0b00000000000100000000001010010011
Executing: addi x5, x0, 1
Register x5 changed from 0x1 to 0x1
PC changed from 0x18 to 0x1c
CLK : 1200
instruction : 0b00000100010101010000001001100011
Executing: beq x10, x5, offset 68
PC changed from 0x1c to 0x20
CLK : 1201
instruction : 0b11111111010000010000000100010011
Executing: addi x2, x2, -12
Register x2 changed from 0x3c4 to 0x3b8
PC changed from 0x20 to 0x24
CLK : 1202
instruction : 0b00000000000100010010010000100011
Executing: sw x1, 8(x2)
Memory 0x960 changed from 0x34 to 0x34
PC changed from 0x24 to 0x28
CLK : 1203
instruction : 0b00000000101000010010001000100011
Executing: sw x10, 4(x2)
Memory 0x956 changed from 0x2 to 0x4
PC changed from 0x28 to 0x2c
CLK : 1204
instruction : 0b11111111111101010000010100010011
Executing: addi x10, x10, -1
Register x10 changed from 0x4 to 0x3
PC changed from 0x2c to 0x30
CLK : 1205
instruction : 0b11111110010111111111000011101111
Executing: jal x1, offset -28
Register x1 changed from 0x34 to 0x34
PC changed from 0x30 to 0x14
CLK : 1206
instruction : 0b00000100000001010000001001100011
Executing: beq x10, x0, offset 68
PC changed from 0x14 to 0x18
CLK : 1207
instruction : 0b00000000000100000000001010010011
Executing: addi x5, x0, 1
Register x5 changed from 0x1 to 0x1
PC changed from 0x18 to 0x1c
CLK : 1208
instruction : 0b00000100010101010000001001100011
Executing: beq x10, x5, offset 68
PC changed from 0x1c to 0x20
CLK : 1209
instruction : 0b11111111010000010000000100010011
Executing: addi x2, x2, -12
Register x2 changed from 0x3b8 to 0x3ac
PC changed from 0x20 to 0x24
CLK : 1210
instruction : 0b00000000000100010010010000100011
Executing: sw x1, 8(x2)
Memory 0x948 changed from 0x34 to 0x34
PC changed from 0x24 to 0x28
CLK : 1211
instruction : 0b00000000101000010010001000100011
Executing: sw x10, 4(x2)
Memory 0x944 changed from 0x2 to 0x3
PC changed from 0x28 to 0x2c
CLK : 1212
instruction : 0b11111111111101010000010100010011
Executing: addi x10, x10, -1
Register x10 changed from 0x3 to 0x2
PC changed from 0x2c to 0x30
CLK : 1213
instruction : 0b11111110010111111111000011101111
Executing: jal x1, offset -28
Register x1 changed from 0x34 to 0x34
PC changed from 0x30 to 0x14
CLK : 1214
instruction : 0b00000100000001010000001001100011
Executing: beq x10, x0, offset 68
PC changed from 0x14 to 0x18
CLK : 1215
instruction : 0b00000000000100000000001010010011
Executing: addi x5, x0, 1
Register x5 changed from 0x1 to 0x1
PC changed from 0x18 to 0x1c
CLK : 1216
instruction : 0b00000100010101010000001001100011
Executing: beq x10, x5, offset 68
PC changed from 0x1c to 0x20
CLK : 1217
instruction : 0b11111111010000010000000100010011
Executing: addi x2, x2, -12
Register x2 changed from 0x3ac to 0x3a0
PC changed from 0x20 to 0x24
CLK : 1218
instruction : 0b00000000000100010010010000100011
Executing: sw x1, 8(x2)
Memory 0x936 changed from 0x34 to 0x34
PC changed from 0x24 to 0x28
CLK : 1219
instruction : 0b00000000101000010010001000100011
Executing: sw x10, 4(x2)
Memory 0x932 changed from 0x2 to 0x2
PC changed from 0x28 to 0x2c
CLK : 1220
instruction : 0b11111111111101010000010100010011
Executing: addi x10, x10, -1
Register x10 changed from 0x2 to 0x1
PC changed from 0x2c to 0x30
CLK : 1221
instruction : 0b11111110010111111111000011101111
Executing: jal x1, offset -28
Register x1 changed from 0x34 to 0x34
PC changed from 0x30 to 0x14
CLK : 1222
instruction : 0b00000100000001010000001001100011
Executing: beq x10, x0, offset 68
PC changed from 0x14 to 0x18
CLK : 1223
instruction : 0b00000000000100000000001010010011
Executing: addi x5, x0, 1
Register x5 changed from 0x1 to 0x1
PC changed from 0x18 to 0x1c
CLK : 1224
instruction : 0b00000100010101010000001001100011
Executing: beq x10, x5, offset 68
PC changed from 0x1c to 0x60
CLK : 1225
instruction : 0b00000000000100000000010100010011
Executing: addi x10, x0, 1
Register x10 changed from 0x1 to 0x1
PC changed from 0x60 to 0x64
CLK : 1226
instruction : 0b00000000000000001000000001100111
Executing: jalr x0, x1, offset 0
PC changed from 0x64 to 0x34
CLK : 1227
instruction : 0b00000000101000010010000000100011
Executing: sw x10, 0(x2)
Memory 0x928 changed from 0x1 to 0x1
PC changed from 0x34 to 0x38
CLK : 1228
instruction : 0b00000000010000010010010100000011
Executing: lw x10, 4(x2)
Register x10 changed from 0x1 to 0x2
PC changed from 0x38 to 0x3c
CLK : 1229
instruction : 0b11111111111001010000010100010011
Executing: addi x10, x10, -2
Register x10 changed from 0x2 to 0x0
PC changed from 0x3c to 0x40
CLK : 1230
instruction : 0b11111101010111111111000011101111
Executing: jal x1, offset -44
Register x1 changed from 0x34 to 0x44
PC changed from 0x40 to 0x14
CLK : 1231
instruction : 0b00000100000001010000001001100011
Executing: beq x10, x0, offset 68
PC changed from 0x14 to 0x58
CLK : 1232
instruction : 0b00000000000000000000010100010011
Executing: addi x10, x0, 0
Register x10 changed from 0x0 to 0x0
PC changed from 0x58 to 0x5c
CLK : 1233
instruction : 0b00000000000000001000000001100111
Executing: jalr x0, x1, offset 0
PC changed from 0x5c to 0x44
CLK : 1234
instruction : 0b00000000000000010010010110000011
Executing: lw x11, 0(x2)
Register x11 changed from 0x15 to 0x1
PC changed from 0x44 to 0x48
CLK : 1235
instruction : 0b00000000101101010000010100110011
Executing: add x10, x10, x11
Register x10 changed from 0x0 to 0x1
PC changed from 0x48 to 0x4c
CLK : 1236
instruction : 0b00000000100000010010000010000011
Executing: lw x1, 8(x2)
Register x1 changed from 0x44 to 0x34
PC changed from 0x4c to 0x50
CLK : 1237
instruction : 0b00000000110000010000000100010011
Executing: addi x2, x2, 12
Register x2 changed from 0x3a0 to 0x3ac
PC changed from 0x50 to 0x54
CLK : 1238
instruction : 0b00000000000000001000000001100111
Executing: jalr x0, x1, offset 0
PC changed from 0x54 to 0x34
CLK : 1239
instruction : 0b00000000101000010010000000100011
Executing: sw x10, 0(x2)
Memory 0x940 changed from 0x1 to 0x1
PC changed from 0x34 to 0x38
CLK : 1240
instruction : 0b00000000010000010010010100000011
Executing: lw x10, 4(x2)
Register x10 changed from 0x1 to 0x3
PC changed from 0x38 to 0x3c
CLK : 1241
instruction : 0b11111111111001010000010100010011
Executing: addi x10, x10, -2
Register x10 changed from 0x3 to 0x1
PC changed from 0x3c to 0x40
CLK : 1242
instruction : 0b11111101010111111111000011101111
Executing: jal x1, offset -44
Register x1 changed from 0x34 to 0x44
PC changed from 0x40 to 0x14
CLK : 1243
instruction : 0b00000100000001010000001001100011
Executing: beq x10, x0, offset 68
PC changed from 0x14 to 0x18
CLK : 1244
instruction : 0b00000000000100000000001010010011
Executing: addi x5, x0, 1
Register x5 changed from 0x1 to 0x1
PC changed from 0x18 to 0x1c
CLK : 1245
instruction : 0b00000100010101010000001001100011
Executing: beq x10, x5, offset 68
PC changed from 0x1c to 0x60
CLK : 1246
instruction : 0b00000000000100000000010100010011
Executing: addi x10, x0, 1
Register x10 changed from 0x1 to 0x1
PC changed from 0x60 to 0x64
CLK : 1247
instruction : 0b00000000000000001000000001100111
Executing: jalr x0, x1, offset 0
PC changed from 0x64 to 0x44
CLK : 1248
instruction : 0b00000000000000010010010110000011
Executing: lw x11, 0(x2)
Register x11 changed from 0x1 to 0x1
PC changed from 0x44 to 0x48
CLK : 1249
instruction : 0b00000000101101010000010100110011
Executing: add x10, x10, x11
Register x10 changed from 0x1 to 0x2
PC changed from 0x48 to 0x4c
CLK : 1250
instruction : 0b00000000100000010010000010000011
Executing: lw x1, 8(x2)
Register x1 changed from 0x44 to 0x34
PC changed from 0x4c to 0x50
CLK : 1251
instruction : 0b00000000110000010000000100010011
Executing: addi x2, x2, 12
Register x2 changed from 0x3ac to 0x3b8
PC changed from 0x50 to 0x54
CLK : 1252
instruction : 0b00000000000000001000000001100111
Executing: jalr x0, x1, offset 0
PC changed from 0x54 to 0x34
CLK : 1253
instruction : 0b00000000101000010010000000100011
Executing: sw x10, 0(x2)
Memory 0x952 changed from 0x1 to 0x2
PC changed from 0x34 to 0x38
CLK : 1254
instruction : 0b00000000010000010010010100000011
Executing: lw x10, 4(x2)
Register x10 changed from 0x2 to 0x4
PC changed from 0x38 to 0x3c
CLK : 1255
instruction : 0b11111111111001010000010100010011
Executing: addi x10, x10, -2
Register x10 changed from 0x4 to 0x2
PC changed from 0x3c to 0x40
CLK : 1256
instruction : 0b11111101010111111111000011101111
Executing: jal x1, offset -44
Register x1 changed from 0x34 to 0x44
PC changed from 0x40 to 0x14
CLK : 1257
instruction : 0b00000100000001010000001001100011
Executing: beq x10, x0, offset 68
PC changed from 0x14 to 0x18
CLK : 1258
instruction : 0b00000000000100000000001010010011
Executing: addi x5, x0, 1
Register x5 changed from 0x1 to 0x1
PC changed from 0x18 to 0x1c
CLK : 1259
instruction : 0b00000100010101010000001001100011
Executing: beq x10, x5, offset 68
PC changed from 0x1c to 0x20
CLK : 1260
instruction : 0b11111111010000010000000100010011
Executing: addi x2, x2, -12
Register x2 changed from 0x3b8 to 0x3ac
PC changed from 0x20 to 0x24
CLK : 1261
instruction : 0b00000000000100010010010000100011
Executing: sw x1, 8(x2)
Memory 0x948 changed from 0x34 to 0x44
PC changed from 0x24 to 0x28
CLK : 1262
instruction : 0b00000000101000010010001000100011
Executing: sw x10, 4(x2)
Memory 0x944 changed from 0x3 to 0x2
PC changed from 0x28 to 0x2c
CLK : 1263
instruction : 0b11111111111101010000010100010011
Executing: addi x10, x10, -1
Register x10 changed from 0x2 to 0x1
PC changed from 0x2c to 0x30
CLK : 1264
instruction : 0b11111110010111111111000011101111
Executing: jal x1, offset -28
Register x1 changed from 0x44 to 0x34
PC changed from 0x30 to 0x14
CLK : 1265
instruction : 0b00000100000001010000001001100011
Executing: beq x10, x0, offset 68
PC changed from 0x14 to 0x18
CLK : 1266
instruction : 0b00000000000100000000001010010011
Executing: addi x5, x0, 1
Register x5 changed from 0x1 to 0x1
PC changed from 0x18 to 0x1c
CLK : 1267
instruction : 0b00000100010101010000001001100011
Executing: beq x10, x5, offset 68
PC changed from 0x1c to 0x60
CLK : 1268
instruction : 0b00000000000100000000010100010011
Executing: addi x10, x0, 1
Register x10 changed from 0x1 to 0x1
PC changed from 0x60 to 0x64
CLK : 1269
instruction : 0b00000000000000001000000001100111
Executing: jalr x0, x1, offset 0
PC changed from 0x64 to 0x34
CLK : 1270
instruction : 0b00000000101000010010000000100011
Executing: sw x10, 0(x2)
Memory 0x940 changed from 0x1 to 0x1
PC changed from 0x34 to 0x38
CLK : 1271
instruction : 0b00000000010000010010010100000011
Executing: lw x10, 4(x2)
Register x10 changed from 0x1 to 0x2
PC changed from 0x38 to 0x3c
CLK : 1272
instruction : 0b11111111111001010000010100010011
Executing: addi x10, x10, -2
Register x10 changed from 0x2 to 0x0
PC changed from 0x3c to 0x40
CLK : 1273
instruction : 0b11111101010111111111000011101111
Executing: jal x1, offset -44
Register x1 changed from 0x34 to 0x44
PC changed from 0x40 to 0x14
CLK : 1274
instruction : 0b00000100000001010000001001100011
Executing: beq x10, x0, offset 68
PC changed from 0x14 to 0x58
CLK : 1275
instruction : 0b00000000000000000000010100010011
Executing: addi x10, x0, 0
Register x10 changed from 0x0 to 0x0
PC changed from 0x58 to 0x5c
CLK : 1276
instruction : 0b00000000000000001000000001100111
Executing: jalr x0, x1, offset 0
PC changed from 0x5c to 0x44
CLK : 1277
instruction : 0b00000000000000010010010110000011
Executing: lw x11, 0(x2)
Register x11 changed from 0x1 to 0x1
PC changed from 0x44 to 0x48
CLK : 1278
instruction : 0b00000000101101010000010100110011
Executing: add x10, x10, x11
Register x10 changed from 0x0 to 0x1
PC changed from 0x48 to 0x4c
CLK : 1279
instruction : 0b00000000100000010010000010000011
Executing: lw x1, 8(x2)
Register x1 changed from 0x44 to 0x44
PC changed from 0x4c to 0x50
CLK : 1280
instruction : 0b00000000110000010000000100010011
Executing: addi x2, x2, 12
Register x2 changed from 0x3ac to 0x3b8
PC changed from 0x50 to 0x54
CLK : 1281
instruction : 0b00000000000000001000000001100111
Executing: jalr x0, x1, offset 0
PC changed from 0x54 to 0x44
CLK : 1282
instruction : 0b00000000000000010010010110000011
Executing: lw x11, 0(x2)
Register x11 changed from 0x1 to 0x2
PC changed from 0x44 to 0x48
CLK : 1283
instruction : 0b00000000101101010000010100110011
Executing: add x10, x10, x11
Register x10 changed from 0x1 to 0x3
PC changed from 0x48 to 0x4c
CLK : 1284
instruction : 0b00000000100000010010000010000011
Executing: lw x1, 8(x2)
Register x1 changed from 0x44 to 0x34
PC changed from 0x4c to 0x50
CLK : 1285
instruction : 0b00000000110000010000000100010011
Executing: addi x2, x2, 12
Register x2 changed from 0x3b8 to 0x3c4
PC changed from 0x50 to 0x54
CLK : 1286
instruction : 0b00000000000000001000000001100111
Executing: jalr x0, x1, offset 0
PC changed from 0x54 to 0x34
CLK : 1287
instruction : 0b00000000101000010010000000100011
Executing: sw x10, 0(x2)
Memory 0x964 changed from 0x1 to 0x3
PC changed from 0x34 to 0x38
CLK : 1288
instruction : 0b00000000010000010010010100000011
Executing: lw x10, 4(x2)
Register x10 changed from 0x3 to 0x5
PC changed from 0x38 to 0x3c
CLK : 1289
instruction : 0b11111111111001010000010100010011
Executing: addi x10, x10, -2
Register x10 changed from 0x5 to 0x3
PC changed from 0x3c to 0x40
CLK : 1290
instruction : 0b11111101010111111111000011101111
Executing: jal x1, offset -44
Register x1 changed from 0x34 to 0x44
PC changed from 0x40 to 0x14
CLK : 1291
instruction : 0b00000100000001010000001001100011
Executing: beq x10, x0, offset 68
PC changed from 0x14 to 0x18
CLK : 1292
instruction : 0b00000000000100000000001010010011
Executing: addi x5, x0, 1
Register x5 changed from 0x1 to 0x1
PC changed from 0x18 to 0x1c
CLK : 1293
instruction : 0b00000100010101010000001001100011
Executing: beq x10, x5, offset 68
PC changed from 0x1c to 0x20
CLK : 1294
instruction : 0b11111111010000010000000100010011
Executing: addi x2, x2, -12
Register x2 changed from 0x3c4 to 0x3b8
PC changed from 0x20 to 0x24
CLK : 1295
instruction : 0b00000000000100010010010000100011
Executing: sw x1, 8(x2)
Memory 0x960 changed from 0x34 to 0x44
PC changed from 0x24 to 0x28
CLK : 1296
instruction : 0b00000000101000010010001000100011
Executing: sw x10, 4(x2)
Memory 0x956 changed from 0x4 to 0x3
PC changed from 0x28 to 0x2c
CLK : 1297
instruction : 0b11111111111101010000010100010011
Executing: addi x10, x10, -1
Register x10 changed from 0x3 to 0x2
PC changed from 0x2c to 0x30
CLK : 1298
instruction : 0b11111110010111111111000011101111
Executing: jal x1, offset -28
Register x1 changed from 0x44 to 0x34
PC changed from 0x30 to 0x14
CLK : 1299
instruction : 0b00000100000001010000001001100011
Executing: beq x10, x0, offset 68
PC changed from 0x14 to 0x18
CLK : 1300
instruction : 0b00000000000100000000001010010011
Executing: addi x5, x0, 1
Register x5 changed from 0x1 to 0x1
PC changed from 0x18 to 0x1c
CLK : 1301
instruction : 0b00000100010101010000001001100011
Executing: beq x10, x5, offset 68
PC changed from 0x1c to 0x20
CLK : 1302
instruction : 0b11111111010000010000000100010011
Executing: addi x2, x2, -12
Register x2 changed from 0x3b8 to 0x3ac
PC changed from 0x20 to 0x24
CLK : 1303
instruction : 0b00000000000100010010010000100011
Executing: sw x1, 8(x2)
Memory 0x948 changed from 0x44 to 0x34
PC changed from 0x24 to 0x28
CLK : 1304
instruction : 0b00000000101000010010001000100011
Executing: sw x10, 4(x2)
Memory 0x944 changed from 0x2 to 0x2
PC changed from 0x28 to 0x2c
CLK : 1305
instruction : 0b11111111111101010000010100010011
Executing: addi x10, x10, -1
Register x10 changed from 0x2 to 0x1
PC changed from 0x2c to 0x30
CLK : 1306
instruction : 0b11111110010111111111000011101111
Executing: jal x1, offset -28
Register x1 changed from 0x34 to 0x34
PC changed from 0x30 to 0x14
CLK : 1307
instruction : 0b00000100000001010000001001100011
Executing: beq x10, x0, offset 68
PC changed from 0x14 to 0x18
CLK : 1308
instruction : 0b00000000000100000000001010010011
Executing: addi x5, x0, 1
Register x5 changed from 0x1 to 0x1
PC changed from 0x18 to 0x1c
CLK : 1309
instruction : 0b00000100010101010000001001100011
Executing: beq x10, x5, offset 68
PC changed from 0x1c to 0x60
CLK : 1310
instruction : 0b00000000000100000000010100010011
Executing: addi x10, x0, 1
Register x10 changed from 0x1 to 0x1
PC changed from 0x60 to 0x64
CLK : 1311
instruction : 0b00000000000000001000000001100111
Executing: jalr x0, x1, offset 0
PC changed from 0x64 to 0x34
CLK : 1312
instruction : 0b00000000101000010010000000100011
Executing: sw x10, 0(x2)
Memory 0x940 changed from 0x1 to 0x1
PC changed from 0x34 to 0x38
CLK : 1313
instruction : 0b00000000010000010010010100000011
Executing: lw x10, 4(x2)
Register x10 changed from 0x1 to 0x2
PC changed from 0x38 to 0x3c
CLK : 1314
instruction : 0b11111111111001010000010100010011
Executing: addi x10, x10, -2
Register x10 changed from 0x2 to 0x0
PC changed from 0x3c to 0x40
CLK : 1315
instruction : 0b11111101010111111111000011101111
Executing: jal x1, offset -44
Register x1 changed from 0x34 to 0x44
PC changed from 0x40 to 0x14
CLK : 1316
instruction : 0b00000100000001010000001001100011
Executing: beq x10, x0, offset 68
PC changed from 0x14 to 0x58
CLK : 1317
instruction : 0b00000000000000000000010100010011
Executing: addi x10, x0, 0
Register x10 changed from 0x0 to 0x0
PC changed from 0x58 to 0x5c
CLK : 1318
instruction : 0b00000000000000001000000001100111
Executing: jalr x0, x1, offset 0
PC changed from 0x5c to 0x44
CLK : 1319
instruction : 0b00000000000000010010010110000011
Executing: lw x11, 0(x2)
Register x11 changed from 0x2 to 0x1
PC changed from 0x44 to 0x48
CLK : 1320
instruction : 0b00000000101101010000010100110011
Executing: add x10, x10, x11
Register x10 changed from 0x0 to 0x1
PC changed from 0x48 to 0x4c
CLK : 1321
instruction : 0b00000000100000010010000010000011
Executing: lw x1, 8(x2)
Register x1 changed from 0x44 to 0x34
PC changed from 0x4c to 0x50
CLK : 1322
instruction : 0b00000000110000010000000100010011
Executing: addi x2, x2, 12
Register x2 changed from 0x3ac to 0x3b8
PC changed from 0x50 to 0x54
CLK : 1323
instruction : 0b00000000000000001000000001100111
Executing: jalr x0, x1, offset 0
PC changed from 0x54 to 0x34
CLK : 1324
instruction : 0b00000000101000010010000000100011
Executing: sw x10, 0(x2)
Memory 0x952 changed from 0x2 to 0x1
PC changed from 0x34 to 0x38
CLK : 1325
instruction : 0b00000000010000010010010100000011
Executing: lw x10, 4(x2)
Register x10 changed from 0x1 to 0x3
PC changed from 0x38 to 0x3c
CLK : 1326
instruction : 0b11111111111001010000010100010011
Executing: addi x10, x10, -2
Register x10 changed from 0x3 to 0x1
PC changed from 0x3c to 0x40
CLK : 1327
instruction : 0b11111101010111111111000011101111
Executing: jal x1, offset -44
Register x1 changed from 0x34 to 0x44
PC changed from 0x40 to 0x14
CLK : 1328
instruction : 0b00000100000001010000001001100011
Executing: beq x10, x0, offset 68
PC changed from 0x14 to 0x18
CLK : 1329
instruction : 0b00000000000100000000001010010011
Executing: addi x5, x0, 1
Register x5 changed from 0x1 to 0x1
PC changed from 0x18 to 0x1c
CLK : 1330
instruction : 0b00000100010101010000001001100011
Executing: beq x10, x5, offset 68
PC changed from 0x1c to 0x60
CLK : 1331
instruction : 0b00000000000100000000010100010011
Executing: addi x10, x0, 1
Register x10 changed from 0x1 to 0x1
PC changed from 0x60 to 0x64
CLK : 1332
instruction : 0b00000000000000001000000001100111
Executing: jalr x0, x1, offset 0
PC changed from 0x64 to 0x44
CLK : 1333
instruction : 0b00000000000000010010010110000011
Executing: lw x11, 0(x2)
Register x11 changed from 0x1 to 0x1
PC changed from 0x44 to 0x48
CLK : 1334
instruction : 0b00000000101101010000010100110011
Executing: add x10, x10, x11
Register x10 changed from 0x1 to 0x2
PC changed from 0x48 to 0x4c
CLK : 1335
instruction : 0b00000000100000010010000010000011
Executing: lw x1, 8(x2)
Register x1 changed from 0x44 to 0x44
PC changed from 0x4c to 0x50
CLK : 1336
instruction : 0b00000000110000010000000100010011
Executing: addi x2, x2, 12
Register x2 changed from 0x3b8 to 0x3c4
PC changed from 0x50 to 0x54
CLK : 1337
instruction : 0b00000000000000001000000001100111
Executing: jalr x0, x1, offset 0
PC changed from 0x54 to 0x44
CLK : 1338
instruction : 0b00000000000000010010010110000011
Executing: lw x11, 0(x2)
Register x11 changed from 0x1 to 0x3
PC changed from 0x44 to 0x48
CLK : 1339
instruction : 0b00000000101101010000010100110011
Executing: add x10, x10, x11
Register x10 changed from 0x2 to 0x5
PC changed from 0x48 to 0x4c
CLK : 1340
instruction : 0b00000000100000010010000010000011
Executing: lw x1, 8(x2)
Register x1 changed from 0x44 to 0x34
PC changed from 0x4c to 0x50
CLK : 1341
instruction : 0b00000000110000010000000100010011
Executing: addi x2, x2, 12
Register x2 changed from 0x3c4 to 0x3d0
PC changed from 0x50 to 0x54
CLK : 1342
instruction : 0b00000000000000001000000001100111
Executing: jalr x0, x1, offset 0
PC changed from 0x54 to 0x34
CLK : 1343
instruction : 0b00000000101000010010000000100011
Executing: sw x10, 0(x2)
Memory 0x976 changed from 0x3 to 0x5
PC changed from 0x34 to 0x38
CLK : 1344
instruction : 0b00000000010000010010010100000011
Executing: lw x10, 4(x2)
Register x10 changed from 0x5 to 0x6
PC changed from 0x38 to 0x3c
CLK : 1345
instruction : 0b11111111111001010000010100010011
Executing: addi x10, x10, -2
Register x10 changed from 0x6 to 0x4
PC changed from 0x3c to 0x40
CLK : 1346
instruction : 0b11111101010111111111000011101111
Executing: jal x1, offset -44
Register x1 changed from 0x34 to 0x44
PC changed from 0x40 to 0x14
CLK : 1347
instruction : 0b00000100000001010000001001100011
Executing: beq x10, x0, offset 68
PC changed from 0x14 to 0x18
CLK : 1348
instruction : 0b00000000000100000000001010010011
Executing: addi x5, x0, 1
Register x5 changed from 0x1 to 0x1
PC changed from 0x18 to 0x1c
CLK : 1349
instruction : 0b00000100010101010000001001100011
Executing: beq x10, x5, offset 68
PC changed from 0x1c to 0x20
CLK : 1350
instruction : 0b11111111010000010000000100010011
Executing: addi x2, x2, -12
Register x2 changed from 0x3d0 to 0x3c4
PC changed from 0x20 to 0x24
CLK : 1351
instruction : 0b00000000000100010010010000100011
Executing: sw x1, 8(x2)
Memory 0x972 changed from 0x34 to 0x44
PC changed from 0x24 to 0x28
CLK : 1352
instruction : 0b00000000101000010010001000100011
Executing: sw x10, 4(x2)
Memory 0x968 changed from 0x5 to 0x4
PC changed from 0x28 to 0x2c
CLK : 1353
instruction : 0b11111111111101010000010100010011
Executing: addi x10, x10, -1
Register x10 changed from 0x4 to 0x3
PC changed from 0x2c to 0x30
CLK : 1354
instruction : 0b11111110010111111111000011101111
Executing: jal x1, offset -28
Register x1 changed from 0x44 to 0x34
PC changed from 0x30 to 0x14
CLK : 1355
instruction : 0b00000100000001010000001001100011
Executing: beq x10, x0, offset 68
PC changed from 0x14 to 0x18
CLK : 1356
instruction : 0b00000000000100000000001010010011
Executing: addi x5, x0, 1
Register x5 changed from 0x1 to 0x1
PC changed from 0x18 to 0x1c
CLK : 1357
instruction : 0b00000100010101010000001001100011
Executing: beq x10, x5, offset 68
PC changed from 0x1c to 0x20
CLK : 1358
instruction : 0b11111111010000010000000100010011
Executing: addi x2, x2, -12
Register x2 changed from 0x3c4 to 0x3b8
PC changed from 0x20 to 0x24
CLK : 1359
instruction : 0b00000000000100010010010000100011
Executing: sw x1, 8(x2)
Memory 0x960 changed from 0x44 to 0x34
PC changed from 0x24 to 0x28
CLK : 1360
instruction : 0b00000000101000010010001000100011
Executing: sw x10, 4(x2)
Memory 0x956 changed from 0x3 to 0x3
PC changed from 0x28 to 0x2c
CLK : 1361
instruction : 0b11111111111101010000010100010011
Executing: addi x10, x10, -1
Register x10 changed from 0x3 to 0x2
PC changed from 0x2c to 0x30
CLK : 1362
instruction : 0b11111110010111111111000011101111
Executing: jal x1, offset -28
Register x1 changed from 0x34 to 0x34
PC changed from 0x30 to 0x14
CLK : 1363
instruction : 0b00000100000001010000001001100011
Executing: beq x10, x0, offset 68
PC changed from 0x14 to 0x18
CLK : 1364
instruction : 0b00000000000100000000001010010011
Executing: addi x5, x0, 1
Register x5 changed from 0x1 to 0x1
PC changed from 0x18 to 0x1c
CLK : 1365
instruction : 0b00000100010101010000001001100011
Executing: beq x10, x5, offset 68
PC changed from 0x1c to 0x20
CLK : 1366
instruction : 0b11111111010000010000000100010011
Executing: addi x2, x2, -12
Register x2 changed from 0x3b8 to 0x3ac
PC changed from 0x20 to 0x24
CLK : 1367
instruction : 0b00000000000100010010010000100011
Executing: sw x1, 8(x2)
Memory 0x948 changed from 0x34 to 0x34
PC changed from 0x24 to 0x28
CLK : 1368
instruction : 0b00000000101000010010001000100011
Executing: sw x10, 4(x2)
Memory 0x944 changed from 0x2 to 0x2
PC changed from 0x28 to 0x2c
CLK : 1369
instruction : 0b11111111111101010000010100010011
Executing: addi x10, x10, -1
Register x10 changed from 0x2 to 0x1
PC changed from 0x2c to 0x30
CLK : 1370
instruction : 0b11111110010111111111000011101111
Executing: jal x1, offset -28
Register x1 changed from 0x34 to 0x34
PC changed from 0x30 to 0x14
CLK : 1371
instruction : 0b00000100000001010000001001100011
Executing: beq x10, x0, offset 68
PC changed from 0x14 to 0x18
CLK : 1372
instruction : 0b00000000000100000000001010010011
Executing: addi x5, x0, 1
Register x5 changed from 0x1 to 0x1
PC changed from 0x18 to 0x1c
CLK : 1373
instruction : 0b00000100010101010000001001100011
Executing: beq x10, x5, offset 68
PC changed from 0x1c to 0x60
CLK : 1374
instruction : 0b00000000000100000000010100010011
Executing: addi x10, x0, 1
Register x10 changed from 0x1 to 0x1
PC changed from 0x60 to 0x64
CLK : 1375
instruction : 0b00000000000000001000000001100111
Executing: jalr x0, x1, offset 0
PC changed from 0x64 to 0x34
CLK : 1376
instruction : 0b00000000101000010010000000100011
Executing: sw x10, 0(x2)
Memory 0x940 changed from 0x1 to 0x1
PC changed from 0x34 to 0x38
CLK : 1377
instruction : 0b00000000010000010010010100000011
Executing: lw x10, 4(x2)
Register x10 changed from 0x1 to 0x2
PC changed from 0x38 to 0x3c
CLK : 1378
instruction : 0b11111111111001010000010100010011
Executing: addi x10, x10, -2
Register x10 changed from 0x2 to 0x0
PC changed from 0x3c to 0x40
CLK : 1379
instruction : 0b11111101010111111111000011101111
Executing: jal x1, offset -44
Register x1 changed from 0x34 to 0x44
PC changed from 0x40 to 0x14
CLK : 1380
instruction : 0b00000100000001010000001001100011
Executing: beq x10, x0, offset 68
PC changed from 0x14 to 0x58
CLK : 1381
instruction : 0b00000000000000000000010100010011
Executing: addi x10, x0, 0
Register x10 changed from 0x0 to 0x0
PC changed from 0x58 to 0x5c
CLK : 1382
instruction : 0b00000000000000001000000001100111
Executing: jalr x0, x1, offset 0
PC changed from 0x5c to 0x44
CLK : 1383
instruction : 0b00000000000000010010010110000011
Executing: lw x11, 0(x2)
Register x11 changed from 0x3 to 0x1
PC changed from 0x44 to 0x48
CLK : 1384
instruction : 0b00000000101101010000010100110011
Executing: add x10, x10, x11
Register x10 changed from 0x0 to 0x1
PC changed from 0x48 to 0x4c
CLK : 1385
instruction : 0b00000000100000010010000010000011
Executing: lw x1, 8(x2)
Register x1 changed from 0x44 to 0x34
PC changed from 0x4c to 0x50
CLK : 1386
instruction : 0b00000000110000010000000100010011
Executing: addi x2, x2, 12
Register x2 changed from 0x3ac to 0x3b8
PC changed from 0x50 to 0x54
CLK : 1387
instruction : 0b00000000000000001000000001100111
Executing: jalr x0, x1, offset 0
PC changed from 0x54 to 0x34
CLK : 1388
instruction : 0b00000000101000010010000000100011
Executing: sw x10, 0(x2)
Memory 0x952 changed from 0x1 to 0x1
PC changed from 0x34 to 0x38
CLK : 1389
instruction : 0b00000000010000010010010100000011
Executing: lw x10, 4(x2)
Register x10 changed from 0x1 to 0x3
PC changed from 0x38 to 0x3c
CLK : 1390
instruction : 0b11111111111001010000010100010011
Executing: addi x10, x10, -2
Register x10 changed from 0x3 to 0x1
PC changed from 0x3c to 0x40
CLK : 1391
instruction : 0b11111101010111111111000011101111
Executing: jal x1, offset -44
Register x1 changed from 0x34 to 0x44
PC changed from 0x40 to 0x14
CLK : 1392
instruction : 0b00000100000001010000001001100011
Executing: beq x10, x0, offset 68
PC changed from 0x14 to 0x18
CLK : 1393
instruction : 0b00000000000100000000001010010011
Executing: addi x5, x0, 1
Register x5 changed from 0x1 to 0x1
PC changed from 0x18 to 0x1c
CLK : 1394
instruction : 0b00000100010101010000001001100011
Executing: beq x10, x5, offset 68
PC changed from 0x1c to 0x60
CLK : 1395
instruction : 0b00000000000100000000010100010011
Executing: addi x10, x0, 1
Register x10 changed from 0x1 to 0x1
PC changed from 0x60 to 0x64
CLK : 1396
instruction : 0b00000000000000001000000001100111
Executing: jalr x0, x1, offset 0
PC changed from 0x64 to 0x44
CLK : 1397
instruction : 0b00000000000000010010010110000011
Executing: lw x11, 0(x2)
Register x11 changed from 0x1 to 0x1
PC changed from 0x44 to 0x48
CLK : 1398
instruction : 0b00000000101101010000010100110011
Executing: add x10, x10, x11
Register x10 changed from 0x1 to 0x2
PC changed from 0x48 to 0x4c
CLK : 1399
instruction : 0b00000000100000010010000010000011
Executing: lw x1, 8(x2)
Register x1 changed from 0x44 to 0x34
PC changed from 0x4c to 0x50
CLK : 1400
instruction : 0b00000000110000010000000100010011
Executing: addi x2, x2, 12
Register x2 changed from 0x3b8 to 0x3c4
PC changed from 0x50 to 0x54
CLK : 1401
instruction : 0b00000000000000001000000001100111
Executing: jalr x0, x1, offset 0
PC changed from 0x54 to 0x34
CLK : 1402
instruction : 0b00000000101000010010000000100011
Executing: sw x10, 0(x2)
Memory 0x964 changed from 0x3 to 0x2
PC changed from 0x34 to 0x38
CLK : 1403
instruction : 0b00000000010000010010010100000011
Executing: lw x10, 4(x2)
Register x10 changed from 0x2 to 0x4
PC changed from 0x38 to 0x3c
CLK : 1404
instruction : 0b11111111111001010000010100010011
Executing: addi x10, x10, -2
Register x10 changed from 0x4 to 0x2
PC changed from 0x3c to 0x40
CLK : 1405
instruction : 0b11111101010111111111000011101111
Executing: jal x1, offset -44
Register x1 changed from 0x34 to 0x44
PC changed from 0x40 to 0x14
CLK : 1406
instruction : 0b00000100000001010000001001100011
Executing: beq x10, x0, offset 68
PC changed from 0x14 to 0x18
CLK : 1407
instruction : 0b00000000000100000000001010010011
Executing: addi x5, x0, 1
Register x5 changed from 0x1 to 0x1
PC changed from 0x18 to 0x1c
CLK : 1408
instruction : 0b00000100010101010000001001100011
Executing: beq x10, x5, offset 68
PC changed from 0x1c to 0x20
CLK : 1409
instruction : 0b11111111010000010000000100010011
Executing: addi x2, x2, -12
Register x2 changed from 0x3c4 to 0x3b8
PC changed from 0x20 to 0x24
CLK : 1410
instruction : 0b00000000000100010010010000100011
Executing: sw x1, 8(x2)
Memory 0x960 changed from 0x34 to 0x44
PC changed from 0x24 to 0x28
CLK : 1411
instruction : 0b00000000101000010010001000100011
Executing: sw x10, 4(x2)
Memory 0x956 changed from 0x3 to 0x2
PC changed from 0x28 to 0x2c
CLK : 1412
instruction : 0b11111111111101010000010100010011
Executing: addi x10, x10, -1
Register x10 changed from 0x2 to 0x1
PC changed from 0x2c to 0x30
CLK : 1413
instruction : 0b11111110010111111111000011101111
Executing: jal x1, offset -28
Register x1 changed from 0x44 to 0x34
PC changed from 0x30 to 0x14
CLK : 1414
instruction : 0b00000100000001010000001001100011
Executing: beq x10, x0, offset 68
PC changed from 0x14 to 0x18
CLK : 1415
instruction : 0b00000000000100000000001010010011
Executing: addi x5, x0, 1
Register x5 changed from 0x1 to 0x1
PC changed from 0x18 to 0x1c
CLK : 1416
instruction : 0b00000100010101010000001001100011
Executing: beq x10, x5, offset 68
PC changed from 0x1c to 0x60
CLK : 1417
instruction : 0b00000000000100000000010100010011
Executing: addi x10, x0, 1
Register x10 changed from 0x1 to 0x1
PC changed from 0x60 to 0x64
CLK : 1418
instruction : 0b00000000000000001000000001100111
Executing: jalr x0, x1, offset 0
PC changed from 0x64 to 0x34
CLK : 1419
instruction : 0b00000000101000010010000000100011
Executing: sw x10, 0(x2)
Memory 0x952 changed from 0x1 to 0x1
PC changed from 0x34 to 0x38
CLK : 1420
instruction : 0b00000000010000010010010100000011
Executing: lw x10, 4(x2)
Register x10 changed from 0x1 to 0x2
PC changed from 0x38 to 0x3c
CLK : 1421
instruction : 0b11111111111001010000010100010011
Executing: addi x10, x10, -2
Register x10 changed from 0x2 to 0x0
PC changed from 0x3c to 0x40
CLK : 1422
instruction : 0b11111101010111111111000011101111
Executing: jal x1, offset -44
Register x1 changed from 0x34 to 0x44
PC changed from 0x40 to 0x14
CLK : 1423
instruction : 0b00000100000001010000001001100011
Executing: beq x10, x0, offset 68
PC changed from 0x14 to 0x58
CLK : 1424
instruction : 0b00000000000000000000010100010011
Executing: addi x10, x0, 0
Register x10 changed from 0x0 to 0x0
PC changed from 0x58 to 0x5c
CLK : 1425
instruction : 0b00000000000000001000000001100111
Executing: jalr x0, x1, offset 0
PC changed from 0x5c to 0x44
CLK : 1426
instruction : 0b00000000000000010010010110000011
Executing: lw x11, 0(x2)
Register x11 changed from 0x1 to 0x1
PC changed from 0x44 to 0x48
CLK : 1427
instruction : 0b00000000101101010000010100110011
Executing: add x10, x10, x11
Register x10 changed from 0x0 to 0x1
PC changed from 0x48 to 0x4c
CLK : 1428
instruction : 0b00000000100000010010000010000011
Executing: lw x1, 8(x2)
Register x1 changed from 0x44 to 0x44
PC changed from 0x4c to 0x50
CLK : 1429
instruction : 0b00000000110000010000000100010011
Executing: addi x2, x2, 12
Register x2 changed from 0x3b8 to 0x3c4
PC changed from 0x50 to 0x54
CLK : 1430
instruction : 0b00000000000000001000000001100111
Executing: jalr x0, x1, offset 0
PC changed from 0x54 to 0x44
CLK : 1431
instruction : 0b00000000000000010010010110000011
Executing: lw x11, 0(x2)
Register x11 changed from 0x1 to 0x2
PC changed from 0x44 to 0x48
CLK : 1432
instruction : 0b00000000101101010000010100110011
Executing: add x10, x10, x11
Register x10 changed from 0x1 to 0x3
PC changed from 0x48 to 0x4c
CLK : 1433
instruction : 0b00000000100000010010000010000011
Executing: lw x1, 8(x2)
Register x1 changed from 0x44 to 0x44
PC changed from 0x4c to 0x50
CLK : 1434
instruction : 0b00000000110000010000000100010011
Executing: addi x2, x2, 12
Register x2 changed from 0x3c4 to 0x3d0
PC changed from 0x50 to 0x54
CLK : 1435
instruction : 0b00000000000000001000000001100111
Executing: jalr x0, x1, offset 0
PC changed from 0x54 to 0x44
CLK : 1436
instruction : 0b00000000000000010010010110000011
Executing: lw x11, 0(x2)
Register x11 changed from 0x2 to 0x5
PC changed from 0x44 to 0x48
CLK : 1437
instruction : 0b00000000101101010000010100110011
Executing: add x10, x10, x11
Register x10 changed from 0x3 to 0x8
PC changed from 0x48 to 0x4c
CLK : 1438
instruction : 0b00000000100000010010000010000011
Executing: lw x1, 8(x2)
Register x1 changed from 0x44 to 0x34
PC changed from 0x4c to 0x50
CLK : 1439
instruction : 0b00000000110000010000000100010011
Executing: addi x2, x2, 12
Register x2 changed from 0x3d0 to 0x3dc
PC changed from 0x50 to 0x54
CLK : 1440
instruction : 0b00000000000000001000000001100111
Executing: jalr x0, x1, offset 0
PC changed from 0x54 to 0x34
CLK : 1441
instruction : 0b00000000101000010010000000100011
Executing: sw x10, 0(x2)
Memory 0x988 changed from 0x8 to 0x8
PC changed from 0x34 to 0x38
CLK : 1442
instruction : 0b00000000010000010010010100000011
Executing: lw x10, 4(x2)
Register x10 changed from 0x8 to 0x7
PC changed from 0x38 to 0x3c
CLK : 1443
instruction : 0b11111111111001010000010100010011
Executing: addi x10, x10, -2
Register x10 changed from 0x7 to 0x5
PC changed from 0x3c to 0x40
CLK : 1444
instruction : 0b11111101010111111111000011101111
Executing: jal x1, offset -44
Register x1 changed from 0x34 to 0x44
PC changed from 0x40 to 0x14
CLK : 1445
instruction : 0b00000100000001010000001001100011
Executing: beq x10, x0, offset 68
PC changed from 0x14 to 0x18
CLK : 1446
instruction : 0b00000000000100000000001010010011
Executing: addi x5, x0, 1
Register x5 changed from 0x1 to 0x1
PC changed from 0x18 to 0x1c
CLK : 1447
instruction : 0b00000100010101010000001001100011
Executing: beq x10, x5, offset 68
PC changed from 0x1c to 0x20
CLK : 1448
instruction : 0b11111111010000010000000100010011
Executing: addi x2, x2, -12
Register x2 changed from 0x3dc to 0x3d0
PC changed from 0x20 to 0x24
CLK : 1449
instruction : 0b00000000000100010010010000100011
Executing: sw x1, 8(x2)
Memory 0x984 changed from 0x34 to 0x44
PC changed from 0x24 to 0x28
CLK : 1450
instruction : 0b00000000101000010010001000100011
Executing: sw x10, 4(x2)
Memory 0x980 changed from 0x6 to 0x5
PC changed from 0x28 to 0x2c
CLK : 1451
instruction : 0b11111111111101010000010100010011
Executing: addi x10, x10, -1
Register x10 changed from 0x5 to 0x4
PC changed from 0x2c to 0x30
CLK : 1452
instruction : 0b11111110010111111111000011101111
Executing: jal x1, offset -28
Register x1 changed from 0x44 to 0x34
PC changed from 0x30 to 0x14
CLK : 1453
instruction : 0b00000100000001010000001001100011
Executing: beq x10, x0, offset 68
PC changed from 0x14 to 0x18
CLK : 1454
instruction : 0b00000000000100000000001010010011
Executing: addi x5, x0, 1
Register x5 changed from 0x1 to 0x1
PC changed from 0x18 to 0x1c
CLK : 1455
instruction : 0b00000100010101010000001001100011
Executing: beq x10, x5, offset 68
PC changed from 0x1c to 0x20
CLK : 1456
instruction : 0b11111111010000010000000100010011
Executing: addi x2, x2, -12
Register x2 changed from 0x3d0 to 0x3c4
PC changed from 0x20 to 0x24
CLK : 1457
instruction : 0b00000000000100010010010000100011
Executing: sw x1, 8(x2)
Memory 0x972 changed from 0x44 to 0x34
PC changed from 0x24 to 0x28
CLK : 1458
instruction : 0b00000000101000010010001000100011
Executing: sw x10, 4(x2)
Memory 0x968 changed from 0x4 to 0x4
PC changed from 0x28 to 0x2c
CLK : 1459
instruction : 0b11111111111101010000010100010011
Executing: addi x10, x10, -1
Register x10 changed from 0x4 to 0x3
PC changed from 0x2c to 0x30
CLK : 1460
instruction : 0b11111110010111111111000011101111
Executing: jal x1, offset -28
Register x1 changed from 0x34 to 0x34
PC changed from 0x30 to 0x14
CLK : 1461
instruction : 0b00000100000001010000001001100011
Executing: beq x10, x0, offset 68
PC changed from 0x14 to 0x18
CLK : 1462
instruction : 0b00000000000100000000001010010011
Executing: addi x5, x0, 1
Register x5 changed from 0x1 to 0x1
PC changed from 0x18 to 0x1c
CLK : 1463
instruction : 0b00000100010101010000001001100011
Executing: beq x10, x5, offset 68
PC changed from 0x1c to 0x20
CLK : 1464
instruction : 0b11111111010000010000000100010011
Executing: addi x2, x2, -12
Register x2 changed from 0x3c4 to 0x3b8
PC changed from 0x20 to 0x24
CLK : 1465
instruction : 0b00000000000100010010010000100011
Executing: sw x1, 8(x2)
Memory 0x960 changed from 0x44 to 0x34
PC changed from 0x24 to 0x28
CLK : 1466
instruction : 0b00000000101000010010001000100011
Executing: sw x10, 4(x2)
Memory 0x956 changed from 0x2 to 0x3
PC changed from 0x28 to 0x2c
CLK : 1467
instruction : 0b11111111111101010000010100010011
Executing: addi x10, x10, -1
Register x10 changed from 0x3 to 0x2
PC changed from 0x2c to 0x30
CLK : 1468
instruction : 0b11111110010111111111000011101111
Executing: jal x1, offset -28
Register x1 changed from 0x34 to 0x34
PC changed from 0x30 to 0x14
CLK : 1469
instruction : 0b00000100000001010000001001100011
Executing: beq x10, x0, offset 68
PC changed from 0x14 to 0x18
CLK : 1470
instruction : 0b00000000000100000000001010010011
Executing: addi x5, x0, 1
Register x5 changed from 0x1 to 0x1
PC changed from 0x18 to 0x1c
CLK : 1471
instruction : 0b00000100010101010000001001100011
Executing: beq x10, x5, offset 68
PC changed from 0x1c to 0x20
CLK : 1472
instruction : 0b11111111010000010000000100010011
Executing: addi x2, x2, -12
Register x2 changed from 0x3b8 to 0x3ac
PC changed from 0x20 to 0x24
CLK : 1473
instruction : 0b00000000000100010010010000100011
Executing: sw x1, 8(x2)
Memory 0x948 changed from 0x34 to 0x34
PC changed from 0x24 to 0x28
CLK : 1474
instruction : 0b00000000101000010010001000100011
Executing: sw x10, 4(x2)
Memory 0x944 changed from 0x2 to 0x2
PC changed from 0x28 to 0x2c
CLK : 1475
instruction : 0b11111111111101010000010100010011
Executing: addi x10, x10, -1
Register x10 changed from 0x2 to 0x1
PC changed from 0x2c to 0x30
CLK : 1476
instruction : 0b11111110010111111111000011101111
Executing: jal x1, offset -28
Register x1 changed from 0x34 to 0x34
PC changed from 0x30 to 0x14
CLK : 1477
instruction : 0b00000100000001010000001001100011
Executing: beq x10, x0, offset 68
PC changed from 0x14 to 0x18
CLK : 1478
instruction : 0b00000000000100000000001010010011
Executing: addi x5, x0, 1
Register x5 changed from 0x1 to 0x1
PC changed from 0x18 to 0x1c
CLK : 1479
instruction : 0b00000100010101010000001001100011
Executing: beq x10, x5, offset 68
PC changed from 0x1c to 0x60
CLK : 1480
instruction : 0b00000000000100000000010100010011
Executing: addi x10, x0, 1
Register x10 changed from 0x1 to 0x1
PC changed from 0x60 to 0x64
CLK : 1481
instruction : 0b00000000000000001000000001100111
Executing: jalr x0, x1, offset 0
PC changed from 0x64 to 0x34
CLK : 1482
instruction : 0b00000000101000010010000000100011
Executing: sw x10, 0(x2)
Memory 0x940 changed from 0x1 to 0x1
PC changed from 0x34 to 0x38
CLK : 1483
instruction : 0b00000000010000010010010100000011
Executing: lw x10, 4(x2)
Register x10 changed from 0x1 to 0x2
PC changed from 0x38 to 0x3c
CLK : 1484
instruction : 0b11111111111001010000010100010011
Executing: addi x10, x10, -2
Register x10 changed from 0x2 to 0x0
PC changed from 0x3c to 0x40
CLK : 1485
instruction : 0b11111101010111111111000011101111
Executing: jal x1, offset -44
Register x1 changed from 0x34 to 0x44
PC changed from 0x40 to 0x14
CLK : 1486
instruction : 0b00000100000001010000001001100011
Executing: beq x10, x0, offset 68
PC changed from 0x14 to 0x58
CLK : 1487
instruction : 0b00000000000000000000010100010011
Executing: addi x10, x0, 0
Register x10 changed from 0x0 to 0x0
PC changed from 0x58 to 0x5c
CLK : 1488
instruction : 0b00000000000000001000000001100111
Executing: jalr x0, x1, offset 0
PC changed from 0x5c to 0x44
CLK : 1489
instruction : 0b00000000000000010010010110000011
Executing: lw x11, 0(x2)
Register x11 changed from 0x5 to 0x1
PC changed from 0x44 to 0x48
CLK : 1490
instruction : 0b00000000101101010000010100110011
Executing: add x10, x10, x11
Register x10 changed from 0x0 to 0x1
PC changed from 0x48 to 0x4c
CLK : 1491
instruction : 0b00000000100000010010000010000011
Executing: lw x1, 8(x2)
Register x1 changed from 0x44 to 0x34
PC changed from 0x4c to 0x50
CLK : 1492
instruction : 0b00000000110000010000000100010011
Executing: addi x2, x2, 12
Register x2 changed from 0x3ac to 0x3b8
PC changed from 0x50 to 0x54
CLK : 1493
instruction : 0b00000000000000001000000001100111
Executing: jalr x0, x1, offset 0
PC changed from 0x54 to 0x34
CLK : 1494
instruction : 0b00000000101000010010000000100011
Executing: sw x10, 0(x2)
Memory 0x952 changed from 0x1 to 0x1
PC changed from 0x34 to 0x38
CLK : 1495
instruction : 0b00000000010000010010010100000011
Executing: lw x10, 4(x2)
Register x10 changed from 0x1 to 0x3
PC changed from 0x38 to 0x3c
CLK : 1496
instruction : 0b11111111111001010000010100010011
Executing: addi x10, x10, -2
Register x10 changed from 0x3 to 0x1
PC changed from 0x3c to 0x40
CLK : 1497
instruction : 0b11111101010111111111000011101111
Executing: jal x1, offset -44
Register x1 changed from 0x34 to 0x44
PC changed from 0x40 to 0x14
CLK : 1498
instruction : 0b00000100000001010000001001100011
Executing: beq x10, x0, offset 68
PC changed from 0x14 to 0x18
CLK : 1499
instruction : 0b00000000000100000000001010010011
Executing: addi x5, x0, 1
Register x5 changed from 0x1 to 0x1
PC changed from 0x18 to 0x1c
CLK : 1500
instruction : 0b00000100010101010000001001100011
Executing: beq x10, x5, offset 68
PC changed from 0x1c to 0x60
CLK : 1501
instruction : 0b00000000000100000000010100010011
Executing: addi x10, x0, 1
Register x10 changed from 0x1 to 0x1
PC changed from 0x60 to 0x64
CLK : 1502
instruction : 0b00000000000000001000000001100111
Executing: jalr x0, x1, offset 0
PC changed from 0x64 to 0x44
CLK : 1503
instruction : 0b00000000000000010010010110000011
Executing: lw x11, 0(x2)
Register x11 changed from 0x1 to 0x1
PC changed from 0x44 to 0x48
CLK : 1504
instruction : 0b00000000101101010000010100110011
Executing: add x10, x10, x11
Register x10 changed from 0x1 to 0x2
PC changed from 0x48 to 0x4c
CLK : 1505
instruction : 0b00000000100000010010000010000011
Executing: lw x1, 8(x2)
Register x1 changed from 0x44 to 0x34
PC changed from 0x4c to 0x50
CLK : 1506
instruction : 0b00000000110000010000000100010011
Executing: addi x2, x2, 12
Register x2 changed from 0x3b8 to 0x3c4
PC changed from 0x50 to 0x54
CLK : 1507
instruction : 0b00000000000000001000000001100111
Executing: jalr x0, x1, offset 0
PC changed from 0x54 to 0x34
CLK : 1508
instruction : 0b00000000101000010010000000100011
Executing: sw x10, 0(x2)
Memory 0x964 changed from 0x2 to 0x2
PC changed from 0x34 to 0x38
CLK : 1509
instruction : 0b00000000010000010010010100000011
Executing: lw x10, 4(x2)
Register x10 changed from 0x2 to 0x4
PC changed from 0x38 to 0x3c
CLK : 1510
instruction : 0b11111111111001010000010100010011
Executing: addi x10, x10, -2
Register x10 changed from 0x4 to 0x2
PC changed from 0x3c to 0x40
CLK : 1511
instruction : 0b11111101010111111111000011101111
Executing: jal x1, offset -44
Register x1 changed from 0x34 to 0x44
PC changed from 0x40 to 0x14
CLK : 1512
instruction : 0b00000100000001010000001001100011
Executing: beq x10, x0, offset 68
PC changed from 0x14 to 0x18
CLK : 1513
instruction : 0b00000000000100000000001010010011
Executing: addi x5, x0, 1
Register x5 changed from 0x1 to 0x1
PC changed from 0x18 to 0x1c
CLK : 1514
instruction : 0b00000100010101010000001001100011
Executing: beq x10, x5, offset 68
PC changed from 0x1c to 0x20
CLK : 1515
instruction : 0b11111111010000010000000100010011
Executing: addi x2, x2, -12
Register x2 changed from 0x3c4 to 0x3b8
PC changed from 0x20 to 0x24
CLK : 1516
instruction : 0b00000000000100010010010000100011
Executing: sw x1, 8(x2)
Memory 0x960 changed from 0x34 to 0x44
PC changed from 0x24 to 0x28
CLK : 1517
instruction : 0b00000000101000010010001000100011
Executing: sw x10, 4(x2)
Memory 0x956 changed from 0x3 to 0x2
PC changed from 0x28 to 0x2c
CLK : 1518
instruction : 0b11111111111101010000010100010011
Executing: addi x10, x10, -1
Register x10 changed from 0x2 to 0x1
PC changed from 0x2c to 0x30
CLK : 1519
instruction : 0b11111110010111111111000011101111
Executing: jal x1, offset -28
Register x1 changed from 0x44 to 0x34
PC changed from 0x30 to 0x14
CLK : 1520
instruction : 0b00000100000001010000001001100011
Executing: beq x10, x0, offset 68
PC changed from 0x14 to 0x18
CLK : 1521
instruction : 0b00000000000100000000001010010011
Executing: addi x5, x0, 1
Register x5 changed from 0x1 to 0x1
PC changed from 0x18 to 0x1c
CLK : 1522
instruction : 0b00000100010101010000001001100011
Executing: beq x10, x5, offset 68
PC changed from 0x1c to 0x60
CLK : 1523
instruction : 0b00000000000100000000010100010011
Executing: addi x10, x0, 1
Register x10 changed from 0x1 to 0x1
PC changed from 0x60 to 0x64
CLK : 1524
instruction : 0b00000000000000001000000001100111
Executing: jalr x0, x1, offset 0
PC changed from 0x64 to 0x34
CLK : 1525
instruction : 0b00000000101000010010000000100011
Executing: sw x10, 0(x2)
Memory 0x952 changed from 0x1 to 0x1
PC changed from 0x34 to 0x38
CLK : 1526
instruction : 0b00000000010000010010010100000011
Executing: lw x10, 4(x2)
Register x10 changed from 0x1 to 0x2
PC changed from 0x38 to 0x3c
CLK : 1527
instruction : 0b11111111111001010000010100010011
Executing: addi x10, x10, -2
Register x10 changed from 0x2 to 0x0
PC changed from 0x3c to 0x40
CLK : 1528
instruction : 0b11111101010111111111000011101111
Executing: jal x1, offset -44
Register x1 changed from 0x34 to 0x44
PC changed from 0x40 to 0x14
CLK : 1529
instruction : 0b00000100000001010000001001100011
Executing: beq x10, x0, offset 68
PC changed from 0x14 to 0x58
CLK : 1530
instruction : 0b00000000000000000000010100010011
Executing: addi x10, x0, 0
Register x10 changed from 0x0 to 0x0
PC changed from 0x58 to 0x5c
CLK : 1531
instruction : 0b00000000000000001000000001100111
Executing: jalr x0, x1, offset 0
PC changed from 0x5c to 0x44
CLK : 1532
instruction : 0b00000000000000010010010110000011
Executing: lw x11, 0(x2)
Register x11 changed from 0x1 to 0x1
PC changed from 0x44 to 0x48
CLK : 1533
instruction : 0b00000000101101010000010100110011
Executing: add x10, x10, x11
Register x10 changed from 0x0 to 0x1
PC changed from 0x48 to 0x4c
CLK : 1534
instruction : 0b00000000100000010010000010000011
Executing: lw x1, 8(x2)
Register x1 changed from 0x44 to 0x44
PC changed from 0x4c to 0x50
CLK : 1535
instruction : 0b00000000110000010000000100010011
Executing: addi x2, x2, 12
Register x2 changed from 0x3b8 to 0x3c4
PC changed from 0x50 to 0x54
CLK : 1536
instruction : 0b00000000000000001000000001100111
Executing: jalr x0, x1, offset 0
PC changed from 0x54 to 0x44
CLK : 1537
instruction : 0b00000000000000010010010110000011
Executing: lw x11, 0(x2)
Register x11 changed from 0x1 to 0x2
PC changed from 0x44 to 0x48
CLK : 1538
instruction : 0b00000000101101010000010100110011
Executing: add x10, x10, x11
Register x10 changed from 0x1 to 0x3
PC changed from 0x48 to 0x4c
CLK : 1539
instruction : 0b00000000100000010010000010000011
Executing: lw x1, 8(x2)
Register x1 changed from 0x44 to 0x34
PC changed from 0x4c to 0x50
CLK : 1540
instruction : 0b00000000110000010000000100010011
Executing: addi x2, x2, 12
Register x2 changed from 0x3c4 to 0x3d0
PC changed from 0x50 to 0x54
CLK : 1541
instruction : 0b00000000000000001000000001100111
Executing: jalr x0, x1, offset 0
PC changed from 0x54 to 0x34
CLK : 1542
instruction : 0b00000000101000010010000000100011
Executing: sw x10, 0(x2)
Memory 0x976 changed from 0x5 to 0x3
PC changed from 0x34 to 0x38
CLK : 1543
instruction : 0b00000000010000010010010100000011
Executing: lw x10, 4(x2)
Register x10 changed from 0x3 to 0x5
PC changed from 0x38 to 0x3c
CLK : 1544
instruction : 0b11111111111001010000010100010011
Executing: addi x10, x10, -2
Register x10 changed from 0x5 to 0x3
PC changed from 0x3c to 0x40
CLK : 1545
instruction : 0b11111101010111111111000011101111
Executing: jal x1, offset -44
Register x1 changed from 0x34 to 0x44
PC changed from 0x40 to 0x14
CLK : 1546
instruction : 0b00000100000001010000001001100011
Executing: beq x10, x0, offset 68
PC changed from 0x14 to 0x18
CLK : 1547
instruction : 0b00000000000100000000001010010011
Executing: addi x5, x0, 1
Register x5 changed from 0x1 to 0x1
PC changed from 0x18 to 0x1c
CLK : 1548
instruction : 0b00000100010101010000001001100011
Executing: beq x10, x5, offset 68
PC changed from 0x1c to 0x20
CLK : 1549
instruction : 0b11111111010000010000000100010011
Executing: addi x2, x2, -12
Register x2 changed from 0x3d0 to 0x3c4
PC changed from 0x20 to 0x24
CLK : 1550
instruction : 0b00000000000100010010010000100011
Executing: sw x1, 8(x2)
Memory 0x972 changed from 0x34 to 0x44
PC changed from 0x24 to 0x28
CLK : 1551
instruction : 0b00000000101000010010001000100011
Executing: sw x10, 4(x2)
Memory 0x968 changed from 0x4 to 0x3
PC changed from 0x28 to 0x2c
CLK : 1552
instruction : 0b11111111111101010000010100010011
Executing: addi x10, x10, -1
Register x10 changed from 0x3 to 0x2
PC changed from 0x2c to 0x30
CLK : 1553
instruction : 0b11111110010111111111000011101111
Executing: jal x1, offset -28
Register x1 changed from 0x44 to 0x34
PC changed from 0x30 to 0x14
CLK : 1554
instruction : 0b00000100000001010000001001100011
Executing: beq x10, x0, offset 68
PC changed from 0x14 to 0x18
CLK : 1555
instruction : 0b00000000000100000000001010010011
Executing: addi x5, x0, 1
Register x5 changed from 0x1 to 0x1
PC changed from 0x18 to 0x1c
CLK : 1556
instruction : 0b00000100010101010000001001100011
Executing: beq x10, x5, offset 68
PC changed from 0x1c to 0x20
CLK : 1557
instruction : 0b11111111010000010000000100010011
Executing: addi x2, x2, -12
Register x2 changed from 0x3c4 to 0x3b8
PC changed from 0x20 to 0x24
CLK : 1558
instruction : 0b00000000000100010010010000100011
Executing: sw x1, 8(x2)
Memory 0x960 changed from 0x44 to 0x34
PC changed from 0x24 to 0x28
CLK : 1559
instruction : 0b00000000101000010010001000100011
Executing: sw x10, 4(x2)
Memory 0x956 changed from 0x2 to 0x2
PC changed from 0x28 to 0x2c
CLK : 1560
instruction : 0b11111111111101010000010100010011
Executing: addi x10, x10, -1
Register x10 changed from 0x2 to 0x1
PC changed from 0x2c to 0x30
CLK : 1561
instruction : 0b11111110010111111111000011101111
Executing: jal x1, offset -28
Register x1 changed from 0x34 to 0x34
PC changed from 0x30 to 0x14
CLK : 1562
instruction : 0b00000100000001010000001001100011
Executing: beq x10, x0, offset 68
PC changed from 0x14 to 0x18
CLK : 1563
instruction : 0b00000000000100000000001010010011
Executing: addi x5, x0, 1
Register x5 changed from 0x1 to 0x1
PC changed from 0x18 to 0x1c
CLK : 1564
instruction : 0b00000100010101010000001001100011
Executing: beq x10, x5, offset 68
PC changed from 0x1c to 0x60
CLK : 1565
instruction : 0b00000000000100000000010100010011
Executing: addi x10, x0, 1
Register x10 changed from 0x1 to 0x1
PC changed from 0x60 to 0x64
CLK : 1566
instruction : 0b00000000000000001000000001100111
Executing: jalr x0, x1, offset 0
PC changed from 0x64 to 0x34
CLK : 1567
instruction : 0b00000000101000010010000000100011
Executing: sw x10, 0(x2)
Memory 0x952 changed from 0x1 to 0x1
PC changed from 0x34 to 0x38
CLK : 1568
instruction : 0b00000000010000010010010100000011
Executing: lw x10, 4(x2)
Register x10 changed from 0x1 to 0x2
PC changed from 0x38 to 0x3c
CLK : 1569
instruction : 0b11111111111001010000010100010011
Executing: addi x10, x10, -2
Register x10 changed from 0x2 to 0x0
PC changed from 0x3c to 0x40
CLK : 1570
instruction : 0b11111101010111111111000011101111
Executing: jal x1, offset -44
Register x1 changed from 0x34 to 0x44
PC changed from 0x40 to 0x14
CLK : 1571
instruction : 0b00000100000001010000001001100011
Executing: beq x10, x0, offset 68
PC changed from 0x14 to 0x58
CLK : 1572
instruction : 0b00000000000000000000010100010011
Executing: addi x10, x0, 0
Register x10 changed from 0x0 to 0x0
PC changed from 0x58 to 0x5c
CLK : 1573
instruction : 0b00000000000000001000000001100111
Executing: jalr x0, x1, offset 0
PC changed from 0x5c to 0x44
CLK : 1574
instruction : 0b00000000000000010010010110000011
Executing: lw x11, 0(x2)
Register x11 changed from 0x2 to 0x1
PC changed from 0x44 to 0x48
CLK : 1575
instruction : 0b00000000101101010000010100110011
Executing: add x10, x10, x11
Register x10 changed from 0x0 to 0x1
PC changed from 0x48 to 0x4c
CLK : 1576
instruction : 0b00000000100000010010000010000011
Executing: lw x1, 8(x2)
Register x1 changed from 0x44 to 0x34
PC changed from 0x4c to 0x50
CLK : 1577
instruction : 0b00000000110000010000000100010011
Executing: addi x2, x2, 12
Register x2 changed from 0x3b8 to 0x3c4
PC changed from 0x50 to 0x54
CLK : 1578
instruction : 0b00000000000000001000000001100111
Executing: jalr x0, x1, offset 0
PC changed from 0x54 to 0x34
CLK : 1579
instruction : 0b00000000101000010010000000100011
Executing: sw x10, 0(x2)
Memory 0x964 changed from 0x2 to 0x1
PC changed from 0x34 to 0x38
CLK : 1580
instruction : 0b00000000010000010010010100000011
Executing: lw x10, 4(x2)
Register x10 changed from 0x1 to 0x3
PC changed from 0x38 to 0x3c
CLK : 1581
instruction : 0b11111111111001010000010100010011
Executing: addi x10, x10, -2
Register x10 changed from 0x3 to 0x1
PC changed from 0x3c to 0x40
CLK : 1582
instruction : 0b11111101010111111111000011101111
Executing: jal x1, offset -44
Register x1 changed from 0x34 to 0x44
PC changed from 0x40 to 0x14
CLK : 1583
instruction : 0b00000100000001010000001001100011
Executing: beq x10, x0, offset 68
PC changed from 0x14 to 0x18
CLK : 1584
instruction : 0b00000000000100000000001010010011
Executing: addi x5, x0, 1
Register x5 changed from 0x1 to 0x1
PC changed from 0x18 to 0x1c
CLK : 1585
instruction : 0b00000100010101010000001001100011
Executing: beq x10, x5, offset 68
PC changed from 0x1c to 0x60
CLK : 1586
instruction : 0b00000000000100000000010100010011
Executing: addi x10, x0, 1
Register x10 changed from 0x1 to 0x1
PC changed from 0x60 to 0x64
CLK : 1587
instruction : 0b00000000000000001000000001100111
Executing: jalr x0, x1, offset 0
PC changed from 0x64 to 0x44
CLK : 1588
instruction : 0b00000000000000010010010110000011
Executing: lw x11, 0(x2)
Register x11 changed from 0x1 to 0x1
PC changed from 0x44 to 0x48
CLK : 1589
instruction : 0b00000000101101010000010100110011
Executing: add x10, x10, x11
Register x10 changed from 0x1 to 0x2
PC changed from 0x48 to 0x4c
CLK : 1590
instruction : 0b00000000100000010010000010000011
Executing: lw x1, 8(x2)
Register x1 changed from 0x44 to 0x44
PC changed from 0x4c to 0x50
CLK : 1591
instruction : 0b00000000110000010000000100010011
Executing: addi x2, x2, 12
Register x2 changed from 0x3c4 to 0x3d0
PC changed from 0x50 to 0x54
CLK : 1592
instruction : 0b00000000000000001000000001100111
Executing: jalr x0, x1, offset 0
PC changed from 0x54 to 0x44
CLK : 1593
instruction : 0b00000000000000010010010110000011
Executing: lw x11, 0(x2)
Register x11 changed from 0x1 to 0x3
PC changed from 0x44 to 0x48
CLK : 1594
instruction : 0b00000000101101010000010100110011
Executing: add x10, x10, x11
Register x10 changed from 0x2 to 0x5
PC changed from 0x48 to 0x4c
CLK : 1595
instruction : 0b00000000100000010010000010000011
Executing: lw x1, 8(x2)
Register x1 changed from 0x44 to 0x44
PC changed from 0x4c to 0x50
CLK : 1596
instruction : 0b00000000110000010000000100010011
Executing: addi x2, x2, 12
Register x2 changed from 0x3d0 to 0x3dc
PC changed from 0x50 to 0x54
CLK : 1597
instruction : 0b00000000000000001000000001100111
Executing: jalr x0, x1, offset 0
PC changed from 0x54 to 0x44
CLK : 1598
instruction : 0b00000000000000010010010110000011
Executing: lw x11, 0(x2)
Register x11 changed from 0x3 to 0x8
PC changed from 0x44 to 0x48
CLK : 1599
instruction : 0b00000000101101010000010100110011
Executing: add x10, x10, x11
Register x10 changed from 0x5 to 0xd
PC changed from 0x48 to 0x4c
CLK : 1600
instruction : 0b00000000100000010010000010000011
Executing: lw x1, 8(x2)
Register x1 changed from 0x44 to 0x34
PC changed from 0x4c to 0x50
CLK : 1601
instruction : 0b00000000110000010000000100010011
Executing: addi x2, x2, 12
Register x2 changed from 0x3dc to 0x3e8
PC changed from 0x50 to 0x54
CLK : 1602
instruction : 0b00000000000000001000000001100111
Executing: jalr x0, x1, offset 0
PC changed from 0x54 to 0x34
CLK : 1603
instruction : 0b00000000101000010010000000100011
Executing: sw x10, 0(x2)
Memory 0x1000 changed from 0x15 to 0xd
PC changed from 0x34 to 0x38
CLK : 1604
instruction : 0b00000000010000010010010100000011
Executing: lw x10, 4(x2)
Register x10 changed from 0xd to 0x8
PC changed from 0x38 to 0x3c
CLK : 1605
instruction : 0b11111111111001010000010100010011
Executing: addi x10, x10, -2
Register x10 changed from 0x8 to 0x6
PC changed from 0x3c to 0x40
CLK : 1606
instruction : 0b11111101010111111111000011101111
Executing: jal x1, offset -44
Register x1 changed from 0x34 to 0x44
PC changed from 0x40 to 0x14
CLK : 1607
instruction : 0b00000100000001010000001001100011
Executing: beq x10, x0, offset 68
PC changed from 0x14 to 0x18
CLK : 1608
instruction : 0b00000000000100000000001010010011
Executing: addi x5, x0, 1
Register x5 changed from 0x1 to 0x1
PC changed from 0x18 to 0x1c
CLK : 1609
instruction : 0b00000100010101010000001001100011
Executing: beq x10, x5, offset 68
PC changed from 0x1c to 0x20
CLK : 1610
instruction : 0b11111111010000010000000100010011
Executing: addi x2, x2, -12
Register x2 changed from 0x3e8 to 0x3dc
PC changed from 0x20 to 0x24
CLK : 1611
instruction : 0b00000000000100010010010000100011
Executing: sw x1, 8(x2)
Memory 0x996 changed from 0x34 to 0x44
PC changed from 0x24 to 0x28
CLK : 1612
instruction : 0b00000000101000010010001000100011
Executing: sw x10, 4(x2)
Memory 0x992 changed from 0x7 to 0x6
PC changed from 0x28 to 0x2c
CLK : 1613
instruction : 0b11111111111101010000010100010011
Executing: addi x10, x10, -1
Register x10 changed from 0x6 to 0x5
PC changed from 0x2c to 0x30
CLK : 1614
instruction : 0b11111110010111111111000011101111
Executing: jal x1, offset -28
Register x1 changed from 0x44 to 0x34
PC changed from 0x30 to 0x14
CLK : 1615
instruction : 0b00000100000001010000001001100011
Executing: beq x10, x0, offset 68
PC changed from 0x14 to 0x18
CLK : 1616
instruction : 0b00000000000100000000001010010011
Executing: addi x5, x0, 1
Register x5 changed from 0x1 to 0x1
PC changed from 0x18 to 0x1c
CLK : 1617
instruction : 0b00000100010101010000001001100011
Executing: beq x10, x5, offset 68
PC changed from 0x1c to 0x20
CLK : 1618
instruction : 0b11111111010000010000000100010011
Executing: addi x2, x2, -12
Register x2 changed from 0x3dc to 0x3d0
PC changed from 0x20 to 0x24
CLK : 1619
instruction : 0b00000000000100010010010000100011
Executing: sw x1, 8(x2)
Memory 0x984 changed from 0x44 to 0x34
PC changed from 0x24 to 0x28
CLK : 1620
instruction : 0b00000000101000010010001000100011
Executing: sw x10, 4(x2)
Memory 0x980 changed from 0x5 to 0x5
PC changed from 0x28 to 0x2c
CLK : 1621
instruction : 0b11111111111101010000010100010011
Executing: addi x10, x10, -1
Register x10 changed from 0x5 to 0x4
PC changed from 0x2c to 0x30
CLK : 1622
instruction : 0b11111110010111111111000011101111
Executing: jal x1, offset -28
Register x1 changed from 0x34 to 0x34
PC changed from 0x30 to 0x14
CLK : 1623
instruction : 0b00000100000001010000001001100011
Executing: beq x10, x0, offset 68
PC changed from 0x14 to 0x18
CLK : 1624
instruction : 0b00000000000100000000001010010011
Executing: addi x5, x0, 1
Register x5 changed from 0x1 to 0x1
PC changed from 0x18 to 0x1c
CLK : 1625
instruction : 0b00000100010101010000001001100011
Executing: beq x10, x5, offset 68
PC changed from 0x1c to 0x20
CLK : 1626
instruction : 0b11111111010000010000000100010011
Executing: addi x2, x2, -12
Register x2 changed from 0x3d0 to 0x3c4
PC changed from 0x20 to 0x24
CLK : 1627
instruction : 0b00000000000100010010010000100011
Executing: sw x1, 8(x2)
Memory 0x972 changed from 0x44 to 0x34
PC changed from 0x24 to 0x28
CLK : 1628
instruction : 0b00000000101000010010001000100011
Executing: sw x10, 4(x2)
Memory 0x968 changed from 0x3 to 0x4
PC changed from 0x28 to 0x2c
CLK : 1629
instruction : 0b11111111111101010000010100010011
Executing: addi x10, x10, -1
Register x10 changed from 0x4 to 0x3
PC changed from 0x2c to 0x30
CLK : 1630
instruction : 0b11111110010111111111000011101111
Executing: jal x1, offset -28
Register x1 changed from 0x34 to 0x34
PC changed from 0x30 to 0x14
CLK : 1631
instruction : 0b00000100000001010000001001100011
Executing: beq x10, x0, offset 68
PC changed from 0x14 to 0x18
CLK : 1632
instruction : 0b00000000000100000000001010010011
Executing: addi x5, x0, 1
Register x5 changed from 0x1 to 0x1
PC changed from 0x18 to 0x1c
CLK : 1633
instruction : 0b00000100010101010000001001100011
Executing: beq x10, x5, offset 68
PC changed from 0x1c to 0x20
CLK : 1634
instruction : 0b11111111010000010000000100010011
Executing: addi x2, x2, -12
Register x2 changed from 0x3c4 to 0x3b8
PC changed from 0x20 to 0x24
CLK : 1635
instruction : 0b00000000000100010010010000100011
Executing: sw x1, 8(x2)
Memory 0x960 changed from 0x34 to 0x34
PC changed from 0x24 to 0x28
CLK : 1636
instruction : 0b00000000101000010010001000100011
Executing: sw x10, 4(x2)
Memory 0x956 changed from 0x2 to 0x3
PC changed from 0x28 to 0x2c
CLK : 1637
instruction : 0b11111111111101010000010100010011
Executing: addi x10, x10, -1
Register x10 changed from 0x3 to 0x2
PC changed from 0x2c to 0x30
CLK : 1638
instruction : 0b11111110010111111111000011101111
Executing: jal x1, offset -28
Register x1 changed from 0x34 to 0x34
PC changed from 0x30 to 0x14
CLK : 1639
instruction : 0b00000100000001010000001001100011
Executing: beq x10, x0, offset 68
PC changed from 0x14 to 0x18
CLK : 1640
instruction : 0b00000000000100000000001010010011
Executing: addi x5, x0, 1
Register x5 changed from 0x1 to 0x1
PC changed from 0x18 to 0x1c
CLK : 1641
instruction : 0b00000100010101010000001001100011
Executing: beq x10, x5, offset 68
PC changed from 0x1c to 0x20
CLK : 1642
instruction : 0b11111111010000010000000100010011
Executing: addi x2, x2, -12
Register x2 changed from 0x3b8 to 0x3ac
PC changed from 0x20 to 0x24
CLK : 1643
instruction : 0b00000000000100010010010000100011
Executing: sw x1, 8(x2)
Memory 0x948 changed from 0x34 to 0x34
PC changed from 0x24 to 0x28
CLK : 1644
instruction : 0b00000000101000010010001000100011
Executing: sw x10, 4(x2)
Memory 0x944 changed from 0x2 to 0x2
PC changed from 0x28 to 0x2c
CLK : 1645
instruction : 0b11111111111101010000010100010011
Executing: addi x10, x10, -1
Register x10 changed from 0x2 to 0x1
PC changed from 0x2c to 0x30
CLK : 1646
instruction : 0b11111110010111111111000011101111
Executing: jal x1, offset -28
Register x1 changed from 0x34 to 0x34
PC changed from 0x30 to 0x14
CLK : 1647
instruction : 0b00000100000001010000001001100011
Executing: beq x10, x0, offset 68
PC changed from 0x14 to 0x18
CLK : 1648
instruction : 0b00000000000100000000001010010011
Executing: addi x5, x0, 1
Register x5 changed from 0x1 to 0x1
PC changed from 0x18 to 0x1c
CLK : 1649
instruction : 0b00000100010101010000001001100011
Executing: beq x10, x5, offset 68
PC changed from 0x1c to 0x60
CLK : 1650
instruction : 0b00000000000100000000010100010011
Executing: addi x10, x0, 1
Register x10 changed from 0x1 to 0x1
PC changed from 0x60 to 0x64
CLK : 1651
instruction : 0b00000000000000001000000001100111
Executing: jalr x0, x1, offset 0
PC changed from 0x64 to 0x34
CLK : 1652
instruction : 0b00000000101000010010000000100011
Executing: sw x10, 0(x2)
Memory 0x940 changed from 0x1 to 0x1
PC changed from 0x34 to 0x38
CLK : 1653
instruction : 0b00000000010000010010010100000011
Executing: lw x10, 4(x2)
Register x10 changed from 0x1 to 0x2
PC changed from 0x38 to 0x3c
CLK : 1654
instruction : 0b11111111111001010000010100010011
Executing: addi x10, x10, -2
Register x10 changed from 0x2 to 0x0
PC changed from 0x3c to 0x40
CLK : 1655
instruction : 0b11111101010111111111000011101111
Executing: jal x1, offset -44
Register x1 changed from 0x34 to 0x44
PC changed from 0x40 to 0x14
CLK : 1656
instruction : 0b00000100000001010000001001100011
Executing: beq x10, x0, offset 68
PC changed from 0x14 to 0x58
CLK : 1657
instruction : 0b00000000000000000000010100010011
Executing: addi x10, x0, 0
Register x10 changed from 0x0 to 0x0
PC changed from 0x58 to 0x5c
CLK : 1658
instruction : 0b00000000000000001000000001100111
Executing: jalr x0, x1, offset 0
PC changed from 0x5c to 0x44
CLK : 1659
instruction : 0b00000000000000010010010110000011
Executing: lw x11, 0(x2)
Register x11 changed from 0x8 to 0x1
PC changed from 0x44 to 0x48
CLK : 1660
instruction : 0b00000000101101010000010100110011
Executing: add x10, x10, x11
Register x10 changed from 0x0 to 0x1
PC changed from 0x48 to 0x4c
CLK : 1661
instruction : 0b00000000100000010010000010000011
Executing: lw x1, 8(x2)
Register x1 changed from 0x44 to 0x34
PC changed from 0x4c to 0x50
CLK : 1662
instruction : 0b00000000110000010000000100010011
Executing: addi x2, x2, 12
Register x2 changed from 0x3ac to 0x3b8
PC changed from 0x50 to 0x54
CLK : 1663
instruction : 0b00000000000000001000000001100111
Executing: jalr x0, x1, offset 0
PC changed from 0x54 to 0x34
CLK : 1664
instruction : 0b00000000101000010010000000100011
Executing: sw x10, 0(x2)
Memory 0x952 changed from 0x1 to 0x1
PC changed from 0x34 to 0x38
CLK : 1665
instruction : 0b00000000010000010010010100000011
Executing: lw x10, 4(x2)
Register x10 changed from 0x1 to 0x3
PC changed from 0x38 to 0x3c
CLK : 1666
instruction : 0b11111111111001010000010100010011
Executing: addi x10, x10, -2
Register x10 changed from 0x3 to 0x1
PC changed from 0x3c to 0x40
CLK : 1667
instruction : 0b11111101010111111111000011101111
Executing: jal x1, offset -44
Register x1 changed from 0x34 to 0x44
PC changed from 0x40 to 0x14
CLK : 1668
instruction : 0b00000100000001010000001001100011
Executing: beq x10, x0, offset 68
PC changed from 0x14 to 0x18
CLK : 1669
instruction : 0b00000000000100000000001010010011
Executing: addi x5, x0, 1
Register x5 changed from 0x1 to 0x1
PC changed from 0x18 to 0x1c
CLK : 1670
instruction : 0b00000100010101010000001001100011
Executing: beq x10, x5, offset 68
PC changed from 0x1c to 0x60
CLK : 1671
instruction : 0b00000000000100000000010100010011
Executing: addi x10, x0, 1
Register x10 changed from 0x1 to 0x1
PC changed from 0x60 to 0x64
CLK : 1672
instruction : 0b00000000000000001000000001100111
Executing: jalr x0, x1, offset 0
PC changed from 0x64 to 0x44
CLK : 1673
instruction : 0b00000000000000010010010110000011
Executing: lw x11, 0(x2)
Register x11 changed from 0x1 to 0x1
PC changed from 0x44 to 0x48
CLK : 1674
instruction : 0b00000000101101010000010100110011
Executing: add x10, x10, x11
Register x10 changed from 0x1 to 0x2
PC changed from 0x48 to 0x4c
CLK : 1675
instruction : 0b00000000100000010010000010000011
Executing: lw x1, 8(x2)
Register x1 changed from 0x44 to 0x34
PC changed from 0x4c to 0x50
CLK : 1676
instruction : 0b00000000110000010000000100010011
Executing: addi x2, x2, 12
Register x2 changed from 0x3b8 to 0x3c4
PC changed from 0x50 to 0x54
CLK : 1677
instruction : 0b00000000000000001000000001100111
Executing: jalr x0, x1, offset 0
PC changed from 0x54 to 0x34
CLK : 1678
instruction : 0b00000000101000010010000000100011
Executing: sw x10, 0(x2)
Memory 0x964 changed from 0x1 to 0x2
PC changed from 0x34 to 0x38
CLK : 1679
instruction : 0b00000000010000010010010100000011
Executing: lw x10, 4(x2)
Register x10 changed from 0x2 to 0x4
PC changed from 0x38 to 0x3c
CLK : 1680
instruction : 0b11111111111001010000010100010011
Executing: addi x10, x10, -2
Register x10 changed from 0x4 to 0x2
PC changed from 0x3c to 0x40
CLK : 1681
instruction : 0b11111101010111111111000011101111
Executing: jal x1, offset -44
Register x1 changed from 0x34 to 0x44
PC changed from 0x40 to 0x14
CLK : 1682
instruction : 0b00000100000001010000001001100011
Executing: beq x10, x0, offset 68
PC changed from 0x14 to 0x18
CLK : 1683
instruction : 0b00000000000100000000001010010011
Executing: addi x5, x0, 1
Register x5 changed from 0x1 to 0x1
PC changed from 0x18 to 0x1c
CLK : 1684
instruction : 0b00000100010101010000001001100011
Executing: beq x10, x5, offset 68
PC changed from 0x1c to 0x20
CLK : 1685
instruction : 0b11111111010000010000000100010011
Executing: addi x2, x2, -12
Register x2 changed from 0x3c4 to 0x3b8
PC changed from 0x20 to 0x24
CLK : 1686
instruction : 0b00000000000100010010010000100011
Executing: sw x1, 8(x2)
Memory 0x960 changed from 0x34 to 0x44
PC changed from 0x24 to 0x28
CLK : 1687
instruction : 0b00000000101000010010001000100011
Executing: sw x10, 4(x2)
Memory 0x956 changed from 0x3 to 0x2
PC changed from 0x28 to 0x2c
CLK : 1688
instruction : 0b11111111111101010000010100010011
Executing: addi x10, x10, -1
Register x10 changed from 0x2 to 0x1
PC changed from 0x2c to 0x30
CLK : 1689
instruction : 0b11111110010111111111000011101111
Executing: jal x1, offset -28
Register x1 changed from 0x44 to 0x34
PC changed from 0x30 to 0x14
CLK : 1690
instruction : 0b00000100000001010000001001100011
Executing: beq x10, x0, offset 68
PC changed from 0x14 to 0x18
CLK : 1691
instruction : 0b00000000000100000000001010010011
Executing: addi x5, x0, 1
Register x5 changed from 0x1 to 0x1
PC changed from 0x18 to 0x1c
CLK : 1692
instruction : 0b00000100010101010000001001100011
Executing: beq x10, x5, offset 68
PC changed from 0x1c to 0x60
CLK : 1693
instruction : 0b00000000000100000000010100010011
Executing: addi x10, x0, 1
Register x10 changed from 0x1 to 0x1
PC changed from 0x60 to 0x64
CLK : 1694
instruction : 0b00000000000000001000000001100111
Executing: jalr x0, x1, offset 0
PC changed from 0x64 to 0x34
CLK : 1695
instruction : 0b00000000101000010010000000100011
Executing: sw x10, 0(x2)
Memory 0x952 changed from 0x1 to 0x1
PC changed from 0x34 to 0x38
CLK : 1696
instruction : 0b00000000010000010010010100000011
Executing: lw x10, 4(x2)
Register x10 changed from 0x1 to 0x2
PC changed from 0x38 to 0x3c
CLK : 1697
instruction : 0b11111111111001010000010100010011
Executing: addi x10, x10, -2
Register x10 changed from 0x2 to 0x0
PC changed from 0x3c to 0x40
CLK : 1698
instruction : 0b11111101010111111111000011101111
Executing: jal x1, offset -44
Register x1 changed from 0x34 to 0x44
PC changed from 0x40 to 0x14
CLK : 1699
instruction : 0b00000100000001010000001001100011
Executing: beq x10, x0, offset 68
PC changed from 0x14 to 0x58
CLK : 1700
instruction : 0b00000000000000000000010100010011
Executing: addi x10, x0, 0
Register x10 changed from 0x0 to 0x0
PC changed from 0x58 to 0x5c
CLK : 1701
instruction : 0b00000000000000001000000001100111
Executing: jalr x0, x1, offset 0
PC changed from 0x5c to 0x44
CLK : 1702
instruction : 0b00000000000000010010010110000011
Executing: lw x11, 0(x2)
Register x11 changed from 0x1 to 0x1
PC changed from 0x44 to 0x48
CLK : 1703
instruction : 0b00000000101101010000010100110011
Executing: add x10, x10, x11
Register x10 changed from 0x0 to 0x1
PC changed from 0x48 to 0x4c
CLK : 1704
instruction : 0b00000000100000010010000010000011
Executing: lw x1, 8(x2)
Register x1 changed from 0x44 to 0x44
PC changed from 0x4c to 0x50
CLK : 1705
instruction : 0b00000000110000010000000100010011
Executing: addi x2, x2, 12
Register x2 changed from 0x3b8 to 0x3c4
PC changed from 0x50 to 0x54
CLK : 1706
instruction : 0b00000000000000001000000001100111
Executing: jalr x0, x1, offset 0
PC changed from 0x54 to 0x44
CLK : 1707
instruction : 0b00000000000000010010010110000011
Executing: lw x11, 0(x2)
Register x11 changed from 0x1 to 0x2
PC changed from 0x44 to 0x48
CLK : 1708
instruction : 0b00000000101101010000010100110011
Executing: add x10, x10, x11
Register x10 changed from 0x1 to 0x3
PC changed from 0x48 to 0x4c
CLK : 1709
instruction : 0b00000000100000010010000010000011
Executing: lw x1, 8(x2)
Register x1 changed from 0x44 to 0x34
PC changed from 0x4c to 0x50
CLK : 1710
instruction : 0b00000000110000010000000100010011
Executing: addi x2, x2, 12
Register x2 changed from 0x3c4 to 0x3d0
PC changed from 0x50 to 0x54
CLK : 1711
instruction : 0b00000000000000001000000001100111
Executing: jalr x0, x1, offset 0
PC changed from 0x54 to 0x34
CLK : 1712
instruction : 0b00000000101000010010000000100011
Executing: sw x10, 0(x2)
Memory 0x976 changed from 0x3 to 0x3
PC changed from 0x34 to 0x38
CLK : 1713
instruction : 0b00000000010000010010010100000011
Executing: lw x10, 4(x2)
Register x10 changed from 0x3 to 0x5
PC changed from 0x38 to 0x3c
CLK : 1714
instruction : 0b11111111111001010000010100010011
Executing: addi x10, x10, -2
Register x10 changed from 0x5 to 0x3
PC changed from 0x3c to 0x40
CLK : 1715
instruction : 0b11111101010111111111000011101111
Executing: jal x1, offset -44
Register x1 changed from 0x34 to 0x44
PC changed from 0x40 to 0x14
CLK : 1716
instruction : 0b00000100000001010000001001100011
Executing: beq x10, x0, offset 68
PC changed from 0x14 to 0x18
CLK : 1717
instruction : 0b00000000000100000000001010010011
Executing: addi x5, x0, 1
Register x5 changed from 0x1 to 0x1
PC changed from 0x18 to 0x1c
CLK : 1718
instruction : 0b00000100010101010000001001100011
Executing: beq x10, x5, offset 68
PC changed from 0x1c to 0x20
CLK : 1719
instruction : 0b11111111010000010000000100010011
Executing: addi x2, x2, -12
Register x2 changed from 0x3d0 to 0x3c4
PC changed from 0x20 to 0x24
CLK : 1720
instruction : 0b00000000000100010010010000100011
Executing: sw x1, 8(x2)
Memory 0x972 changed from 0x34 to 0x44
PC changed from 0x24 to 0x28
CLK : 1721
instruction : 0b00000000101000010010001000100011
Executing: sw x10, 4(x2)
Memory 0x968 changed from 0x4 to 0x3
PC changed from 0x28 to 0x2c
CLK : 1722
instruction : 0b11111111111101010000010100010011
Executing: addi x10, x10, -1
Register x10 changed from 0x3 to 0x2
PC changed from 0x2c to 0x30
CLK : 1723
instruction : 0b11111110010111111111000011101111
Executing: jal x1, offset -28
Register x1 changed from 0x44 to 0x34
PC changed from 0x30 to 0x14
CLK : 1724
instruction : 0b00000100000001010000001001100011
Executing: beq x10, x0, offset 68
PC changed from 0x14 to 0x18
CLK : 1725
instruction : 0b00000000000100000000001010010011
Executing: addi x5, x0, 1
Register x5 changed from 0x1 to 0x1
PC changed from 0x18 to 0x1c
CLK : 1726
instruction : 0b00000100010101010000001001100011
Executing: beq x10, x5, offset 68
PC changed from 0x1c to 0x20
CLK : 1727
instruction : 0b11111111010000010000000100010011
Executing: addi x2, x2, -12
Register x2 changed from 0x3c4 to 0x3b8
PC changed from 0x20 to 0x24
CLK : 1728
instruction : 0b00000000000100010010010000100011
Executing: sw x1, 8(x2)
Memory 0x960 changed from 0x44 to 0x34
PC changed from 0x24 to 0x28
CLK : 1729
instruction : 0b00000000101000010010001000100011
Executing: sw x10, 4(x2)
Memory 0x956 changed from 0x2 to 0x2
PC changed from 0x28 to 0x2c
CLK : 1730
instruction : 0b11111111111101010000010100010011
Executing: addi x10, x10, -1
Register x10 changed from 0x2 to 0x1
PC changed from 0x2c to 0x30
CLK : 1731
instruction : 0b11111110010111111111000011101111
Executing: jal x1, offset -28
Register x1 changed from 0x34 to 0x34
PC changed from 0x30 to 0x14
CLK : 1732
instruction : 0b00000100000001010000001001100011
Executing: beq x10, x0, offset 68
PC changed from 0x14 to 0x18
CLK : 1733
instruction : 0b00000000000100000000001010010011
Executing: addi x5, x0, 1
Register x5 changed from 0x1 to 0x1
PC changed from 0x18 to 0x1c
CLK : 1734
instruction : 0b00000100010101010000001001100011
Executing: beq x10, x5, offset 68
PC changed from 0x1c to 0x60
CLK : 1735
instruction : 0b00000000000100000000010100010011
Executing: addi x10, x0, 1
Register x10 changed from 0x1 to 0x1
PC changed from 0x60 to 0x64
CLK : 1736
instruction : 0b00000000000000001000000001100111
Executing: jalr x0, x1, offset 0
PC changed from 0x64 to 0x34
CLK : 1737
instruction : 0b00000000101000010010000000100011
Executing: sw x10, 0(x2)
Memory 0x952 changed from 0x1 to 0x1
PC changed from 0x34 to 0x38
CLK : 1738
instruction : 0b00000000010000010010010100000011
Executing: lw x10, 4(x2)
Register x10 changed from 0x1 to 0x2
PC changed from 0x38 to 0x3c
CLK : 1739
instruction : 0b11111111111001010000010100010011
Executing: addi x10, x10, -2
Register x10 changed from 0x2 to 0x0
PC changed from 0x3c to 0x40
CLK : 1740
instruction : 0b11111101010111111111000011101111
Executing: jal x1, offset -44
Register x1 changed from 0x34 to 0x44
PC changed from 0x40 to 0x14
CLK : 1741
instruction : 0b00000100000001010000001001100011
Executing: beq x10, x0, offset 68
PC changed from 0x14 to 0x58
CLK : 1742
instruction : 0b00000000000000000000010100010011
Executing: addi x10, x0, 0
Register x10 changed from 0x0 to 0x0
PC changed from 0x58 to 0x5c
CLK : 1743
instruction : 0b00000000000000001000000001100111
Executing: jalr x0, x1, offset 0
PC changed from 0x5c to 0x44
CLK : 1744
instruction : 0b00000000000000010010010110000011
Executing: lw x11, 0(x2)
Register x11 changed from 0x2 to 0x1
PC changed from 0x44 to 0x48
CLK : 1745
instruction : 0b00000000101101010000010100110011
Executing: add x10, x10, x11
Register x10 changed from 0x0 to 0x1
PC changed from 0x48 to 0x4c
CLK : 1746
instruction : 0b00000000100000010010000010000011
Executing: lw x1, 8(x2)
Register x1 changed from 0x44 to 0x34
PC changed from 0x4c to 0x50
CLK : 1747
instruction : 0b00000000110000010000000100010011
Executing: addi x2, x2, 12
Register x2 changed from 0x3b8 to 0x3c4
PC changed from 0x50 to 0x54
CLK : 1748
instruction : 0b00000000000000001000000001100111
Executing: jalr x0, x1, offset 0
PC changed from 0x54 to 0x34
CLK : 1749
instruction : 0b00000000101000010010000000100011
Executing: sw x10, 0(x2)
Memory 0x964 changed from 0x2 to 0x1
PC changed from 0x34 to 0x38
CLK : 1750
instruction : 0b00000000010000010010010100000011
Executing: lw x10, 4(x2)
Register x10 changed from 0x1 to 0x3
PC changed from 0x38 to 0x3c
CLK : 1751
instruction : 0b11111111111001010000010100010011
Executing: addi x10, x10, -2
Register x10 changed from 0x3 to 0x1
PC changed from 0x3c to 0x40
CLK : 1752
instruction : 0b11111101010111111111000011101111
Executing: jal x1, offset -44
Register x1 changed from 0x34 to 0x44
PC changed from 0x40 to 0x14
CLK : 1753
instruction : 0b00000100000001010000001001100011
Executing: beq x10, x0, offset 68
PC changed from 0x14 to 0x18
CLK : 1754
instruction : 0b00000000000100000000001010010011
Executing: addi x5, x0, 1
Register x5 changed from 0x1 to 0x1
PC changed from 0x18 to 0x1c
CLK : 1755
instruction : 0b00000100010101010000001001100011
Executing: beq x10, x5, offset 68
PC changed from 0x1c to 0x60
CLK : 1756
instruction : 0b00000000000100000000010100010011
Executing: addi x10, x0, 1
Register x10 changed from 0x1 to 0x1
PC changed from 0x60 to 0x64
CLK : 1757
instruction : 0b00000000000000001000000001100111
Executing: jalr x0, x1, offset 0
PC changed from 0x64 to 0x44
CLK : 1758
instruction : 0b00000000000000010010010110000011
Executing: lw x11, 0(x2)
Register x11 changed from 0x1 to 0x1
PC changed from 0x44 to 0x48
CLK : 1759
instruction : 0b00000000101101010000010100110011
Executing: add x10, x10, x11
Register x10 changed from 0x1 to 0x2
PC changed from 0x48 to 0x4c
CLK : 1760
instruction : 0b00000000100000010010000010000011
Executing: lw x1, 8(x2)
Register x1 changed from 0x44 to 0x44
PC changed from 0x4c to 0x50
CLK : 1761
instruction : 0b00000000110000010000000100010011
Executing: addi x2, x2, 12
Register x2 changed from 0x3c4 to 0x3d0
PC changed from 0x50 to 0x54
CLK : 1762
instruction : 0b00000000000000001000000001100111
Executing: jalr x0, x1, offset 0
PC changed from 0x54 to 0x44
CLK : 1763
instruction : 0b00000000000000010010010110000011
Executing: lw x11, 0(x2)
Register x11 changed from 0x1 to 0x3
PC changed from 0x44 to 0x48
CLK : 1764
instruction : 0b00000000101101010000010100110011
Executing: add x10, x10, x11
Register x10 changed from 0x2 to 0x5
PC changed from 0x48 to 0x4c
CLK : 1765
instruction : 0b00000000100000010010000010000011
Executing: lw x1, 8(x2)
Register x1 changed from 0x44 to 0x34
PC changed from 0x4c to 0x50
CLK : 1766
instruction : 0b00000000110000010000000100010011
Executing: addi x2, x2, 12
Register x2 changed from 0x3d0 to 0x3dc
PC changed from 0x50 to 0x54
CLK : 1767
instruction : 0b00000000000000001000000001100111
Executing: jalr x0, x1, offset 0
PC changed from 0x54 to 0x34
CLK : 1768
instruction : 0b00000000101000010010000000100011
Executing: sw x10, 0(x2)
Memory 0x988 changed from 0x8 to 0x5
PC changed from 0x34 to 0x38
CLK : 1769
instruction : 0b00000000010000010010010100000011
Executing: lw x10, 4(x2)
Register x10 changed from 0x5 to 0x6
PC changed from 0x38 to 0x3c
CLK : 1770
instruction : 0b11111111111001010000010100010011
Executing: addi x10, x10, -2
Register x10 changed from 0x6 to 0x4
PC changed from 0x3c to 0x40
CLK : 1771
instruction : 0b11111101010111111111000011101111
Executing: jal x1, offset -44
Register x1 changed from 0x34 to 0x44
PC changed from 0x40 to 0x14
CLK : 1772
instruction : 0b00000100000001010000001001100011
Executing: beq x10, x0, offset 68
PC changed from 0x14 to 0x18
CLK : 1773
instruction : 0b00000000000100000000001010010011
Executing: addi x5, x0, 1
Register x5 changed from 0x1 to 0x1
PC changed from 0x18 to 0x1c
CLK : 1774
instruction : 0b00000100010101010000001001100011
Executing: beq x10, x5, offset 68
PC changed from 0x1c to 0x20
CLK : 1775
instruction : 0b11111111010000010000000100010011
Executing: addi x2, x2, -12
Register x2 changed from 0x3dc to 0x3d0
PC changed from 0x20 to 0x24
CLK : 1776
instruction : 0b00000000000100010010010000100011
Executing: sw x1, 8(x2)
Memory 0x984 changed from 0x34 to 0x44
PC changed from 0x24 to 0x28
CLK : 1777
instruction : 0b00000000101000010010001000100011
Executing: sw x10, 4(x2)
Memory 0x980 changed from 0x5 to 0x4
PC changed from 0x28 to 0x2c
CLK : 1778
instruction : 0b11111111111101010000010100010011
Executing: addi x10, x10, -1
Register x10 changed from 0x4 to 0x3
PC changed from 0x2c to 0x30
CLK : 1779
instruction : 0b11111110010111111111000011101111
Executing: jal x1, offset -28
Register x1 changed from 0x44 to 0x34
PC changed from 0x30 to 0x14
CLK : 1780
instruction : 0b00000100000001010000001001100011
Executing: beq x10, x0, offset 68
PC changed from 0x14 to 0x18
CLK : 1781
instruction : 0b00000000000100000000001010010011
Executing: addi x5, x0, 1
Register x5 changed from 0x1 to 0x1
PC changed from 0x18 to 0x1c
CLK : 1782
instruction : 0b00000100010101010000001001100011
Executing: beq x10, x5, offset 68
PC changed from 0x1c to 0x20
CLK : 1783
instruction : 0b11111111010000010000000100010011
Executing: addi x2, x2, -12
Register x2 changed from 0x3d0 to 0x3c4
PC changed from 0x20 to 0x24
CLK : 1784
instruction : 0b00000000000100010010010000100011
Executing: sw x1, 8(x2)
Memory 0x972 changed from 0x44 to 0x34
PC changed from 0x24 to 0x28
CLK : 1785
instruction : 0b00000000101000010010001000100011
Executing: sw x10, 4(x2)
Memory 0x968 changed from 0x3 to 0x3
PC changed from 0x28 to 0x2c
CLK : 1786
instruction : 0b11111111111101010000010100010011
Executing: addi x10, x10, -1
Register x10 changed from 0x3 to 0x2
PC changed from 0x2c to 0x30
CLK : 1787
instruction : 0b11111110010111111111000011101111
Executing: jal x1, offset -28
Register x1 changed from 0x34 to 0x34
PC changed from 0x30 to 0x14
CLK : 1788
instruction : 0b00000100000001010000001001100011
Executing: beq x10, x0, offset 68
PC changed from 0x14 to 0x18
CLK : 1789
instruction : 0b00000000000100000000001010010011
Executing: addi x5, x0, 1
Register x5 changed from 0x1 to 0x1
PC changed from 0x18 to 0x1c
CLK : 1790
instruction : 0b00000100010101010000001001100011
Executing: beq x10, x5, offset 68
PC changed from 0x1c to 0x20
CLK : 1791
instruction : 0b11111111010000010000000100010011
Executing: addi x2, x2, -12
Register x2 changed from 0x3c4 to 0x3b8
PC changed from 0x20 to 0x24
CLK : 1792
instruction : 0b00000000000100010010010000100011
Executing: sw x1, 8(x2)
Memory 0x960 changed from 0x34 to 0x34
PC changed from 0x24 to 0x28
CLK : 1793
instruction : 0b00000000101000010010001000100011
Executing: sw x10, 4(x2)
Memory 0x956 changed from 0x2 to 0x2
PC changed from 0x28 to 0x2c
CLK : 1794
instruction : 0b11111111111101010000010100010011
Executing: addi x10, x10, -1
Register x10 changed from 0x2 to 0x1
PC changed from 0x2c to 0x30
CLK : 1795
instruction : 0b11111110010111111111000011101111
Executing: jal x1, offset -28
Register x1 changed from 0x34 to 0x34
PC changed from 0x30 to 0x14
CLK : 1796
instruction : 0b00000100000001010000001001100011
Executing: beq x10, x0, offset 68
PC changed from 0x14 to 0x18
CLK : 1797
instruction : 0b00000000000100000000001010010011
Executing: addi x5, x0, 1
Register x5 changed from 0x1 to 0x1
PC changed from 0x18 to 0x1c
CLK : 1798
instruction : 0b00000100010101010000001001100011
Executing: beq x10, x5, offset 68
PC changed from 0x1c to 0x60
CLK : 1799
instruction : 0b00000000000100000000010100010011
Executing: addi x10, x0, 1
Register x10 changed from 0x1 to 0x1
PC changed from 0x60 to 0x64
CLK : 1800
instruction : 0b00000000000000001000000001100111
Executing: jalr x0, x1, offset 0
PC changed from 0x64 to 0x34
CLK : 1801
instruction : 0b00000000101000010010000000100011
Executing: sw x10, 0(x2)
Memory 0x952 changed from 0x1 to 0x1
PC changed from 0x34 to 0x38
CLK : 1802
instruction : 0b00000000010000010010010100000011
Executing: lw x10, 4(x2)
Register x10 changed from 0x1 to 0x2
PC changed from 0x38 to 0x3c
CLK : 1803
instruction : 0b11111111111001010000010100010011
Executing: addi x10, x10, -2
Register x10 changed from 0x2 to 0x0
PC changed from 0x3c to 0x40
CLK : 1804
instruction : 0b11111101010111111111000011101111
Executing: jal x1, offset -44
Register x1 changed from 0x34 to 0x44
PC changed from 0x40 to 0x14
CLK : 1805
instruction : 0b00000100000001010000001001100011
Executing: beq x10, x0, offset 68
PC changed from 0x14 to 0x58
CLK : 1806
instruction : 0b00000000000000000000010100010011
Executing: addi x10, x0, 0
Register x10 changed from 0x0 to 0x0
PC changed from 0x58 to 0x5c
CLK : 1807
instruction : 0b00000000000000001000000001100111
Executing: jalr x0, x1, offset 0
PC changed from 0x5c to 0x44
CLK : 1808
instruction : 0b00000000000000010010010110000011
Executing: lw x11, 0(x2)
Register x11 changed from 0x3 to 0x1
PC changed from 0x44 to 0x48
CLK : 1809
instruction : 0b00000000101101010000010100110011
Executing: add x10, x10, x11
Register x10 changed from 0x0 to 0x1
PC changed from 0x48 to 0x4c
CLK : 1810
instruction : 0b00000000100000010010000010000011
Executing: lw x1, 8(x2)
Register x1 changed from 0x44 to 0x34
PC changed from 0x4c to 0x50
CLK : 1811
instruction : 0b00000000110000010000000100010011
Executing: addi x2, x2, 12
Register x2 changed from 0x3b8 to 0x3c4
PC changed from 0x50 to 0x54
CLK : 1812
instruction : 0b00000000000000001000000001100111
Executing: jalr x0, x1, offset 0
PC changed from 0x54 to 0x34
CLK : 1813
instruction : 0b00000000101000010010000000100011
Executing: sw x10, 0(x2)
Memory 0x964 changed from 0x1 to 0x1
PC changed from 0x34 to 0x38
CLK : 1814
instruction : 0b00000000010000010010010100000011
Executing: lw x10, 4(x2)
Register x10 changed from 0x1 to 0x3
PC changed from 0x38 to 0x3c
CLK : 1815
instruction : 0b11111111111001010000010100010011
Executing: addi x10, x10, -2
Register x10 changed from 0x3 to 0x1
PC changed from 0x3c to 0x40
CLK : 1816
instruction : 0b11111101010111111111000011101111
Executing: jal x1, offset -44
Register x1 changed from 0x34 to 0x44
PC changed from 0x40 to 0x14
CLK : 1817
instruction : 0b00000100000001010000001001100011
Executing: beq x10, x0, offset 68
PC changed from 0x14 to 0x18
CLK : 1818
instruction : 0b00000000000100000000001010010011
Executing: addi x5, x0, 1
Register x5 changed from 0x1 to 0x1
PC changed from 0x18 to 0x1c
CLK : 1819
instruction : 0b00000100010101010000001001100011
Executing: beq x10, x5, offset 68
PC changed from 0x1c to 0x60
CLK : 1820
instruction : 0b00000000000100000000010100010011
Executing: addi x10, x0, 1
Register x10 changed from 0x1 to 0x1
PC changed from 0x60 to 0x64
CLK : 1821
instruction : 0b00000000000000001000000001100111
Executing: jalr x0, x1, offset 0
PC changed from 0x64 to 0x44
CLK : 1822
instruction : 0b00000000000000010010010110000011
Executing: lw x11, 0(x2)
Register x11 changed from 0x1 to 0x1
PC changed from 0x44 to 0x48
CLK : 1823
instruction : 0b00000000101101010000010100110011
Executing: add x10, x10, x11
Register x10 changed from 0x1 to 0x2
PC changed from 0x48 to 0x4c
CLK : 1824
instruction : 0b00000000100000010010000010000011
Executing: lw x1, 8(x2)
Register x1 changed from 0x44 to 0x34
PC changed from 0x4c to 0x50
CLK : 1825
instruction : 0b00000000110000010000000100010011
Executing: addi x2, x2, 12
Register x2 changed from 0x3c4 to 0x3d0
PC changed from 0x50 to 0x54
CLK : 1826
instruction : 0b00000000000000001000000001100111
Executing: jalr x0, x1, offset 0
PC changed from 0x54 to 0x34
CLK : 1827
instruction : 0b00000000101000010010000000100011
Executing: sw x10, 0(x2)
Memory 0x976 changed from 0x3 to 0x2
PC changed from 0x34 to 0x38
CLK : 1828
instruction : 0b00000000010000010010010100000011
Executing: lw x10, 4(x2)
Register x10 changed from 0x2 to 0x4
PC changed from 0x38 to 0x3c
CLK : 1829
instruction : 0b11111111111001010000010100010011
Executing: addi x10, x10, -2
Register x10 changed from 0x4 to 0x2
PC changed from 0x3c to 0x40
CLK : 1830
instruction : 0b11111101010111111111000011101111
Executing: jal x1, offset -44
Register x1 changed from 0x34 to 0x44
PC changed from 0x40 to 0x14
CLK : 1831
instruction : 0b00000100000001010000001001100011
Executing: beq x10, x0, offset 68
PC changed from 0x14 to 0x18
CLK : 1832
instruction : 0b00000000000100000000001010010011
Executing: addi x5, x0, 1
Register x5 changed from 0x1 to 0x1
PC changed from 0x18 to 0x1c
CLK : 1833
instruction : 0b00000100010101010000001001100011
Executing: beq x10, x5, offset 68
PC changed from 0x1c to 0x20
CLK : 1834
instruction : 0b11111111010000010000000100010011
Executing: addi x2, x2, -12
Register x2 changed from 0x3d0 to 0x3c4
PC changed from 0x20 to 0x24
CLK : 1835
instruction : 0b00000000000100010010010000100011
Executing: sw x1, 8(x2)
Memory 0x972 changed from 0x34 to 0x44
PC changed from 0x24 to 0x28
CLK : 1836
instruction : 0b00000000101000010010001000100011
Executing: sw x10, 4(x2)
Memory 0x968 changed from 0x3 to 0x2
PC changed from 0x28 to 0x2c
CLK : 1837
instruction : 0b11111111111101010000010100010011
Executing: addi x10, x10, -1
Register x10 changed from 0x2 to 0x1
PC changed from 0x2c to 0x30
CLK : 1838
instruction : 0b11111110010111111111000011101111
Executing: jal x1, offset -28
Register x1 changed from 0x44 to 0x34
PC changed from 0x30 to 0x14
CLK : 1839
instruction : 0b00000100000001010000001001100011
Executing: beq x10, x0, offset 68
PC changed from 0x14 to 0x18
CLK : 1840
instruction : 0b00000000000100000000001010010011
Executing: addi x5, x0, 1
Register x5 changed from 0x1 to 0x1
PC changed from 0x18 to 0x1c
CLK : 1841
instruction : 0b00000100010101010000001001100011
Executing: beq x10, x5, offset 68
PC changed from 0x1c to 0x60
CLK : 1842
instruction : 0b00000000000100000000010100010011
Executing: addi x10, x0, 1
Register x10 changed from 0x1 to 0x1
PC changed from 0x60 to 0x64
CLK : 1843
instruction : 0b00000000000000001000000001100111
Executing: jalr x0, x1, offset 0
PC changed from 0x64 to 0x34
CLK : 1844
instruction : 0b00000000101000010010000000100011
Executing: sw x10, 0(x2)
Memory 0x964 changed from 0x1 to 0x1
PC changed from 0x34 to 0x38
CLK : 1845
instruction : 0b00000000010000010010010100000011
Executing: lw x10, 4(x2)
Register x10 changed from 0x1 to 0x2
PC changed from 0x38 to 0x3c
CLK : 1846
instruction : 0b11111111111001010000010100010011
Executing: addi x10, x10, -2
Register x10 changed from 0x2 to 0x0
PC changed from 0x3c to 0x40
CLK : 1847
instruction : 0b11111101010111111111000011101111
Executing: jal x1, offset -44
Register x1 changed from 0x34 to 0x44
PC changed from 0x40 to 0x14
CLK : 1848
instruction : 0b00000100000001010000001001100011
Executing: beq x10, x0, offset 68
PC changed from 0x14 to 0x58
CLK : 1849
instruction : 0b00000000000000000000010100010011
Executing: addi x10, x0, 0
Register x10 changed from 0x0 to 0x0
PC changed from 0x58 to 0x5c
CLK : 1850
instruction : 0b00000000000000001000000001100111
Executing: jalr x0, x1, offset 0
PC changed from 0x5c to 0x44
CLK : 1851
instruction : 0b00000000000000010010010110000011
Executing: lw x11, 0(x2)
Register x11 changed from 0x1 to 0x1
PC changed from 0x44 to 0x48
CLK : 1852
instruction : 0b00000000101101010000010100110011
Executing: add x10, x10, x11
Register x10 changed from 0x0 to 0x1
PC changed from 0x48 to 0x4c
CLK : 1853
instruction : 0b00000000100000010010000010000011
Executing: lw x1, 8(x2)
Register x1 changed from 0x44 to 0x44
PC changed from 0x4c to 0x50
CLK : 1854
instruction : 0b00000000110000010000000100010011
Executing: addi x2, x2, 12
Register x2 changed from 0x3c4 to 0x3d0
PC changed from 0x50 to 0x54
CLK : 1855
instruction : 0b00000000000000001000000001100111
Executing: jalr x0, x1, offset 0
PC changed from 0x54 to 0x44
CLK : 1856
instruction : 0b00000000000000010010010110000011
Executing: lw x11, 0(x2)
Register x11 changed from 0x1 to 0x2
PC changed from 0x44 to 0x48
CLK : 1857
instruction : 0b00000000101101010000010100110011
Executing: add x10, x10, x11
Register x10 changed from 0x1 to 0x3
PC changed from 0x48 to 0x4c
CLK : 1858
instruction : 0b00000000100000010010000010000011
Executing: lw x1, 8(x2)
Register x1 changed from 0x44 to 0x44
PC changed from 0x4c to 0x50
CLK : 1859
instruction : 0b00000000110000010000000100010011
Executing: addi x2, x2, 12
Register x2 changed from 0x3d0 to 0x3dc
PC changed from 0x50 to 0x54
CLK : 1860
instruction : 0b00000000000000001000000001100111
Executing: jalr x0, x1, offset 0
PC changed from 0x54 to 0x44
CLK : 1861
instruction : 0b00000000000000010010010110000011
Executing: lw x11, 0(x2)
Register x11 changed from 0x2 to 0x5
PC changed from 0x44 to 0x48
CLK : 1862
instruction : 0b00000000101101010000010100110011
Executing: add x10, x10, x11
Register x10 changed from 0x3 to 0x8
PC changed from 0x48 to 0x4c
CLK : 1863
instruction : 0b00000000100000010010000010000011
Executing: lw x1, 8(x2)
Register x1 changed from 0x44 to 0x44
PC changed from 0x4c to 0x50
CLK : 1864
instruction : 0b00000000110000010000000100010011
Executing: addi x2, x2, 12
Register x2 changed from 0x3dc to 0x3e8
PC changed from 0x50 to 0x54
CLK : 1865
instruction : 0b00000000000000001000000001100111
Executing: jalr x0, x1, offset 0
PC changed from 0x54 to 0x44
CLK : 1866
instruction : 0b00000000000000010010010110000011
Executing: lw x11, 0(x2)
Register x11 changed from 0x5 to 0xd
PC changed from 0x44 to 0x48
CLK : 1867
instruction : 0b00000000101101010000010100110011
Executing: add x10, x10, x11
Register x10 changed from 0x8 to 0x15
PC changed from 0x48 to 0x4c
CLK : 1868
instruction : 0b00000000100000010010000010000011
Executing: lw x1, 8(x2)
Register x1 changed from 0x44 to 0x44
PC changed from 0x4c to 0x50
CLK : 1869
instruction : 0b00000000110000010000000100010011
Executing: addi x2, x2, 12
Register x2 changed from 0x3e8 to 0x3f4
PC changed from 0x50 to 0x54
CLK : 1870
instruction : 0b00000000000000001000000001100111
Executing: jalr x0, x1, offset 0
PC changed from 0x54 to 0x44
CLK : 1871
instruction : 0b00000000000000010010010110000011
Executing: lw x11, 0(x2)
Register x11 changed from 0xd to 0x22
PC changed from 0x44 to 0x48
CLK : 1872
instruction : 0b00000000101101010000010100110011
Executing: add x10, x10, x11
Register x10 changed from 0x15 to 0x37
PC changed from 0x48 to 0x4c
CLK : 1873
instruction : 0b00000000100000010010000010000011
Executing: lw x1, 8(x2)
Register x1 changed from 0x44 to 0xc
PC changed from 0x4c to 0x50
CLK : 1874
instruction : 0b00000000110000010000000100010011
Executing: addi x2, x2, 12
Register x2 changed from 0x3f4 to 0x400
PC changed from 0x50 to 0x54
CLK : 1875
instruction : 0b00000000000000001000000001100111
Executing: jalr x0, x1, offset 0
PC changed from 0x54 to 0xc
CLK : 1876
instruction : 0b00000000000100000000000001110011
Executing: ebreak
Program reached breakpoint
Registers state:
x0: 0x0
x1: 0xc
x2: 0x400
x3: 0x0
x4: 0x0
x5: 0x1
x6: 0x0
x7: 0x0
x8: 0x0
x9: 0x0
x10: 0x37
x11: 0x22
x12: 0x0
x13: 0x0
x14: 0x0
x15: 0x0
x16: 0x0
x17: 0x0
x18: 0x0
x19: 0x0
x20: 0x0
x21: 0x0
x22: 0x0
x23: 0x0
x24: 0x0
x25: 0x0
x26: 0x0
x27: 0x0
x28: 0x0
x29: 0x0
x30: 0x0
x31: 0x0
PC: 0xc
